SQLDATE,EventCode,QuadClass,GoldsteinScale,AvgTone,NumArticles,ActionGeo_CountryCode,NumMentions,Contains14sub,Contains14
20150110,181,4,-9.0,-1.43884892086331,4,HK,4,1,0
20150204,180,4,-9.0,-2.4390243902439,4,HK,4,1,0
20150215,180,4,-9.0,-3.25203252032521,2,HK,2,1,0
20150218,1821,4,-9.0,-6.68286755771567,7,HK,7,1,0
20150219,181,4,-9.0,-0.7154213036566,3,HK,3,1,0
20150220,186,4,-10.0,4.04494382022472,2,HK,2,1,0
20150221,1823,4,-10.0,-3.40041637751561,2,HK,2,1,0
20150223,186,4,-10.0,-3.48360655737705,10,HK,10,1,0
20150224,186,4,-10.0,-3.14465408805031,1,HK,1,1,0
20150225,181,4,-9.0,-5.73248407643312,2,HK,2,1,0
20150227,1822,4,-9.0,0.0,10,HK,10,1,0
20150301,180,4,-9.0,-12.987012987013,10,HK,10,1,0
20150302,180,4,-9.0,-9.91867690058479,20,HK,20,1,1
20150303,182,4,-9.5,-7.79944289693593,10,HK,10,1,0
20150304,186,4,-10.0,3.3815092891355,30,HK,30,1,1
20150305,182,4,-9.5,-12.8158844765343,10,HK,10,1,0
20150307,181,4,-9.0,-1.23022847100176,2,HK,2,1,0
20150309,181,4,-9.0,-1.40845070422535,1,HK,1,1,0
20150311,183,4,-10.0,-6.0,2,HK,2,1,0
20150313,186,4,-10.0,0.425531914893617,8,HK,8,1,0
20150315,1831,4,-10.0,-7.56302521008404,6,HK,6,1,0
20150317,181,4,-9.0,-7.85498489425982,10,HK,10,1,0
20150318,1821,4,-9.0,-6.15577889447236,2,HK,2,1,0
20150320,181,4,-9.0,-4.76190476190476,8,HK,8,1,0
20150322,180,4,-9.0,-0.50125313283208,2,HK,2,1,0
20150323,182,4,-9.5,-5.72687224669604,10,HK,10,1,0
20150326,181,4,-9.0,-4.76190476190476,1,HK,1,1,0
20150327,1821,4,-9.0,-6.5625,10,HK,10,1,0
20150328,1822,4,-9.0,-1.73380928097909,10,HK,10,1,0
20150329,180,4,-9.0,-1.86625194401244,5,HK,5,1,0
20150330,186,4,-10.0,-0.452488687782806,3,HK,3,1,0
20150331,182,4,-9.5,-7.74818401937046,10,HK,10,1,0
20150402,180,4,-9.0,-2.68138801261829,2,HK,2,1,0
20150403,1831,4,-10.0,-9.8159509202454,8,HK,8,1,0
20150404,1821,4,-9.0,-10.4395604395604,6,HK,6,1,0
20150406,181,4,-9.0,-2.63414634146342,10,HK,10,1,0
20150408,181,4,-9.0,-2.98102981029811,10,HK,10,1,0
20150410,180,4,-9.0,-8.53242320819113,10,HK,10,1,0
20150412,180,4,-9.0,-8.24742268041237,2,HK,2,1,0
20150413,181,4,-9.0,9.30232558139536,4,HK,4,1,0
20150414,181,4,-9.0,-3.50877192982456,10,HK,10,1,0
20150415,180,4,-9.0,-6.52818991097923,10,HK,10,1,0
20150416,180,4,-9.0,-10.2409638554217,6,HK,6,1,0
20150417,180,4,-9.0,-6.58227848101266,5,HK,5,1,0
20150421,180,4,-9.0,-2.6431718061674,2,HK,2,1,0
20150423,1821,4,-9.0,-2.57234726688103,1,HK,1,1,0
20150427,180,4,-9.0,-7.53012048192771,10,HK,10,1,0
20150428,181,4,-9.0,-5.92334494773519,10,HK,10,1,0
20150429,181,4,-9.0,-8.02348336594912,10,HK,10,1,0
20150430,181,4,-9.0,-3.73250388802488,5,HK,5,1,0
20150501,181,4,-9.0,-9.28961748633882,5,HK,5,1,0
20150502,180,4,-9.0,-5.72792362768497,10,HK,10,1,0
20150504,186,4,-10.0,-4.22535211267606,10,HK,10,1,0
20150505,180,4,-9.0,-7.2,5,HK,5,1,0
20150507,1821,4,-9.0,-3.03030303030303,6,HK,6,1,0
20150511,186,4,-10.0,-4.83333333333333,10,HK,10,1,0
20150514,1822,4,-9.0,-7.53246753246753,6,HK,6,1,0
20150515,180,4,-9.0,-7.87671232876708,10,HK,10,1,0
20150517,182,4,-9.5,-8.60927152317881,2,HK,2,1,0
20150518,182,4,-9.5,-0.58737151248165,2,HK,2,1,0
20150520,1821,4,-9.0,-4.36363636363636,3,HK,3,1,0
20150521,181,4,-9.0,0.0,4,HK,4,1,0
20150524,180,4,-9.0,-9.28270042194095,10,HK,10,1,0
20150527,186,4,-10.0,0.934579439252335,2,HK,2,1,0
20150528,181,4,-9.0,-5.96330275229358,10,HK,10,1,0
20150529,181,4,-9.0,-9.2391304347826,1,HK,1,1,0
20150530,1821,4,-9.0,-9.67741935483872,4,HK,4,1,0
20150601,1821,4,-9.0,-6.46551724137931,4,HK,4,1,0
20150602,186,4,-10.0,-1.29310344827587,10,HK,10,1,0
20150603,1823,4,-10.0,-9.6045197740113,4,HK,4,1,0
20150607,182,4,-9.5,-7.34463276836158,10,HK,10,1,0
20150608,182,4,-9.5,-9.9526066350711,3,HK,3,1,0
20150610,180,4,-9.0,-1.67958656330749,2,HK,2,1,0
20150612,180,4,-9.0,-10.0961538461538,8,HK,8,1,0
20150613,1822,4,-9.0,-13.8528138528139,10,HK,10,1,0
20150614,180,4,-9.0,-9.75609756097562,1,HK,1,1,0
20150615,1821,4,-9.0,-7.5801749271137,10,HK,10,1,0
20150616,180,4,-9.0,-2.9520295202952,10,HK,10,1,0
20150617,181,4,-9.0,-7.55494505494506,5,HK,5,1,0
20150618,181,4,-9.0,-6.73575129533678,10,HK,10,1,0
20150619,181,4,-9.0,-7.35694822888284,5,HK,5,1,0
20150620,180,4,-9.0,0.97323600973236,2,HK,2,1,0
20150622,183,4,-10.0,-6.40031904741558,10,HK,10,1,0
20150623,186,4,-10.0,3.86740331491713,10,HK,10,1,0
20150625,182,4,-9.5,-7.80856423173803,1,HK,1,1,0
20150626,182,4,-9.5,-7.80856423173803,1,HK,1,1,0
20150627,186,4,-10.0,-3.50877192982456,3,HK,3,1,0
20150628,182,4,-9.5,-5.35714285714286,8,HK,8,1,0
20150629,181,4,-9.0,-8.24915824915825,5,HK,5,1,0
20150630,183,4,-10.0,-6.45161290322581,8,HK,8,1,0
20150701,180,4,-9.0,-11.062906724512,1,HK,1,1,0
20150702,180,4,-9.0,-8.64553314121038,10,HK,10,1,0
20150706,180,4,-9.0,-4.42477876106194,5,HK,5,1,0
20150707,181,4,-9.0,-5.09259259259259,5,HK,5,1,0
20150708,181,4,-9.0,-3.75426621160409,5,HK,5,1,0
20150709,182,4,-9.5,-9.57446808510638,2,HK,2,1,0
20150711,1831,4,-10.0,-7.44680851063829,10,HK,10,1,0
20150712,180,4,-9.0,-5.75,10,HK,10,1,0
20150713,1821,4,-9.0,-9.64812712826337,10,HK,10,1,0
20150714,180,4,-9.0,-12.3456790123457,10,HK,10,1,0
20150716,180,4,-9.0,-8.48329048843188,10,HK,10,1,0
20150717,180,4,-9.0,-6.64451827242525,10,HK,10,1,0
20150720,180,4,-9.0,-4.40528634361234,5,HK,5,1,0
20150721,180,4,-9.0,-7.71812080536912,5,HK,5,1,0
20150722,1831,4,-10.0,-12.0,3,HK,3,1,0
20150723,1821,4,-9.0,-6.48899188876014,7,HK,7,1,0
20150726,180,4,-9.0,-7.07964601769912,5,HK,5,1,0
20150727,180,4,-9.0,-6.46067415730337,10,HK,20,1,1
20150728,1823,4,-10.0,0.0,2,HK,2,1,0
20150729,181,4,-9.0,-1.06761565836299,5,HK,5,1,0
20150730,181,4,-9.0,-9.4059405940594,5,HK,5,1,0
20150731,181,4,-9.0,-9.16230366492147,5,HK,5,1,0
20150801,181,4,-9.0,-8.80281690140845,10,HK,10,1,0
20150802,180,4,-9.0,-7.25274725274725,10,HK,10,1,0
20150803,1822,4,-9.0,-7.85714285714286,10,HK,10,1,0
20150804,181,4,-9.0,-8.7281795511222,5,HK,5,1,0
20150805,180,4,-9.0,-8.0,10,HK,10,1,0
20150806,180,4,-9.0,-7.11743772241993,5,HK,5,1,0
20150807,1822,4,-9.0,-7.11974110032363,5,HK,5,1,0
20150808,182,4,-9.5,-6.8649885583524,10,HK,10,1,0
20150810,183,4,-10.0,-8.96739130434783,4,HK,4,1,0
20150811,180,4,-9.0,-6.31578947368421,10,HK,10,1,0
20150812,183,4,-10.0,-1.02915951972555,2,HK,2,1,0
20150813,180,4,-9.0,-10.3703703703704,1,HK,1,1,0
20150814,181,4,-9.0,-0.322580645161289,2,HK,2,1,0
20150815,1822,4,-9.0,-6.09911054637865,5,HK,5,1,0
20150817,182,4,-9.5,-4.70588235294118,10,HK,10,1,0
20150818,182,4,-9.5,-5.34591194968554,1,HK,1,1,0
20150819,182,4,-9.5,-5.89147286821705,2,HK,2,1,0
20150820,183,4,-10.0,-7.2704081632653,1,HK,1,1,0
20150821,183,4,-10.0,1.24223602484472,10,HK,10,1,0
20150822,182,4,-9.5,-7.64705882352942,10,HK,10,1,0
20150825,181,4,-9.0,0.45871559633027,10,HK,10,1,0
20150826,180,4,-9.0,-8.55263157894738,10,HK,10,1,0
20150827,180,4,-9.0,-8.10810810810811,10,HK,10,1,0
20150828,186,4,-10.0,0.56818181818182,10,HK,10,1,0
20150831,180,4,-9.0,-9.40919037199125,10,HK,10,1,0
20150901,181,4,-9.0,4.85436893203883,6,HK,6,1,0
20150903,181,4,-9.0,-6.78466076696165,10,HK,10,1,0
20150904,186,4,-10.0,-4.30327868852459,10,HK,10,1,0
20150906,182,4,-9.5,-5.0610820244328,6,HK,6,1,0
20150907,180,4,-9.0,-8.97435897435898,10,HK,10,1,0
20150908,180,4,-9.0,-8.46560846560847,6,HK,6,1,0
20150909,186,4,-10.0,-2.14669051878354,2,HK,2,1,0
20150910,186,4,-10.0,-2.28471001757469,2,HK,2,1,0
20150911,180,4,-9.0,-4.57142857142857,10,HK,10,1,0
20150914,181,4,-9.0,-5.16431924882629,10,HK,10,1,0
20150915,186,4,-10.0,1.21212121212121,2,HK,2,1,0
20150916,186,4,-10.0,-2.22575516693164,3,HK,3,1,0
20150921,186,4,-10.0,-4.36548223350254,2,HK,2,1,0
20150925,182,4,-9.5,0.0,1,HK,1,1,0
20150928,181,4,-9.0,-3.31753554502369,1,HK,1,1,0
20150929,180,4,-9.0,-4.7008547008547,6,HK,6,1,0
20150930,182,4,-9.5,-9.57446808510638,2,HK,2,1,0
20151002,182,4,-9.5,-3.21402483564645,6,HK,6,1,0
20151003,1822,4,-9.0,-4.95689655172413,10,HK,10,1,0
20151004,180,4,-9.0,-6.25,10,HK,10,1,0
20151006,180,4,-9.0,-5.92885375494071,10,HK,10,1,0
20151007,1822,4,-9.0,-3.34346504559271,10,HK,10,1,0
20151008,181,4,-9.0,-9.61538461538462,8,HK,8,1,0
20151009,186,4,-10.0,0.719424460431655,1,HK,1,1,0
20151012,186,4,-10.0,1.54525386313466,5,HK,5,1,0
20151013,181,4,-9.0,-6.27615062761507,10,HK,10,1,0
20151014,180,4,-9.0,-4.50928381962865,10,HK,10,1,0
20151015,180,4,-9.0,-11.4893617021277,10,HK,10,1,0
20151016,1821,4,-9.0,-7.26643598615917,4,HK,4,1,0
20151019,180,4,-9.0,-10.1818181818181,10,HK,10,1,0
20151020,1821,4,-9.0,-10.8658743633277,5,HK,5,1,0
20151023,182,4,-9.5,-3.65569956796278,20,HK,20,1,1
20151026,182,4,-9.5,-5.91715976331361,3,HK,3,1,0
20151027,181,4,-9.0,-7.23981900452488,1,HK,1,1,0
20151028,181,4,-9.0,-3.91459074733096,6,HK,6,1,0
20151029,181,4,-9.0,-8.5,10,HK,10,1,0
20151030,180,4,-9.0,-3.68663594470046,10,HK,10,1,0
20151031,182,4,-9.5,-11.4754098360656,6,HK,6,1,0
20151102,181,4,-9.0,-2.02020202020202,10,HK,10,1,0
20151104,181,4,-9.0,-3.26086956521739,2,HK,2,1,0
20151106,186,4,-10.0,-0.89552238805971,8,HK,8,1,0
20151108,181,4,-9.0,-7.92079207920792,1,HK,1,1,0
20151109,1821,4,-9.0,-8.12807881773399,3,HK,3,1,0
20151110,1821,4,-9.0,-4.85611510791367,10,HK,10,1,0
20151111,1822,4,-9.0,-8.12641083521445,1,HK,1,1,0
20151112,1822,4,-9.0,-8.09859154929578,2,HK,2,1,0
20151113,180,4,-9.0,-1.12651646447141,2,HK,2,1,0
20151115,1823,4,-10.0,-3.56083086053413,10,HK,10,1,0
20151117,1822,4,-9.0,-8.90688259109312,6,HK,6,1,0
20151118,1822,4,-9.0,-9.60591133004931,10,HK,10,1,0
20151119,1822,4,-9.0,-8.15217391304344,6,HK,6,1,0
20151120,181,4,-9.0,-5.249343832021,10,HK,10,1,0
20151123,181,4,-9.0,-3.53982300884956,4,HK,4,1,0
20151125,180,4,-9.0,-6.29770992366412,10,HK,10,1,0
20151126,180,4,-9.0,-8.5,10,HK,10,1,0
20151127,186,4,-10.0,-4.50336487633703,11,HK,11,1,1
20151130,180,4,-9.0,-6.95187165775401,5,HK,5,1,0
20151202,180,4,-9.0,-5.20231213872833,2,HK,2,1,0
20151204,180,4,-9.0,-8.89328063241106,10,HK,10,1,0
20151207,180,4,-9.0,-3.6923076923077,8,HK,8,1,0
20151208,180,4,-9.0,-10.7692307692308,10,HK,10,1,0
20151209,181,4,-9.0,-1.06666666666666,1,HK,1,1,0
20151210,181,4,-9.0,-3.73626373626374,10,HK,10,1,0
20151211,186,4,-10.0,1.0989010989011,1,HK,1,1,0
20151212,181,4,-9.0,-4.10714285714286,1,HK,1,1,0
20151213,1822,4,-9.0,-3.69127516778524,5,HK,5,1,0
20151214,182,4,-9.5,-2.40295748613678,8,HK,8,1,0
20151216,180,4,-9.0,-0.81632653061225,6,HK,6,1,0
20151217,1821,4,-9.0,-11.5044247787611,8,HK,8,1,0
20151218,1821,4,-9.0,-8.3780880773362,4,HK,4,1,0
20151219,1821,4,-9.0,-8.6538461538462,2,HK,2,1,0
20151220,180,4,-9.0,-3.6923076923077,8,HK,8,1,0
20151221,180,4,-9.0,-7.56972111553785,10,HK,10,1,0
20151223,1821,4,-9.0,-7.86782061369,10,HK,10,1,0
20151224,180,4,-9.0,-4.11392405063291,10,HK,10,1,0
20151228,180,4,-9.0,-3.16455696202532,12,HK,12,1,1
20151229,181,4,-9.0,4.7682119205298,10,HK,10,1,0
20151230,181,4,-9.0,-1.40562248995984,2,HK,2,1,0
20160101,180,4,-9.0,-0.68493150684932,10,HK,10,1,0
20160103,181,4,-9.0,-2.63157894736842,10,HK,10,1,0
20160104,181,4,-9.0,-3.81558028616852,2,HK,2,1,0
20160105,1821,4,-9.0,-7.11902113459399,8,HK,8,1,0
20160106,181,4,-9.0,-3.05498981670061,2,HK,2,1,0
20160107,181,4,-9.0,-1.20772946859903,2,HK,2,1,0
20160108,1821,4,-9.0,-1.33547008547008,10,HK,10,1,0
20160109,181,4,-9.0,-5.60747663551402,8,HK,8,1,0
20160111,181,4,-9.0,-5.51181102362205,2,HK,2,1,0
20160112,181,4,-9.0,-1.94730813287514,2,HK,2,1,0
20160113,181,4,-9.0,-5.23690773067332,1,HK,1,1,0
20160114,1822,4,-9.0,-6.52631578947369,10,HK,10,1,0
20160115,186,4,-10.0,4.13223140495868,2,HK,2,1,0
20160117,181,4,-9.0,-2.88888888888889,2,HK,2,1,0
20160118,186,4,-10.0,4.13223140495868,2,HK,2,1,0
20160119,181,4,-9.0,-4.49251247920133,8,HK,8,1,0
20160120,181,4,-9.0,-5.01002004008016,10,HK,10,1,0
20160121,1822,4,-9.0,-7.5242718446602,5,HK,5,1,0
20160122,181,4,-9.0,-1.6,10,HK,10,1,0
20160123,180,4,-9.0,-8.66666666666667,2,HK,2,1,0
20160124,181,4,-9.0,-0.80213903743316,1,HK,1,1,0
20160125,181,4,-9.0,-2.52100840336135,2,HK,2,1,0
20160127,181,4,-9.0,-2.21327967806841,1,HK,1,1,0
20160130,181,4,-9.0,-4.18848167539267,10,HK,10,1,0
20160201,182,4,-9.5,0.3154574036598205,2,HK,2,1,0
20160202,182,4,-9.5,-3.6144578313253,5,HK,5,1,0
20160204,180,4,-9.0,-9.44055944055945,5,HK,5,1,0
20160205,186,4,-10.0,6.46900269541779,20,HK,20,1,1
20160207,186,4,-10.0,-0.26737967914439,3,HK,3,1,0
20160208,181,4,-9.0,-6.49087221095335,3,HK,3,1,0
20160209,182,4,-9.5,-7.87037037037037,10,HK,10,1,0
20160210,181,4,-9.0,-4.0045766590389,2,HK,2,1,0
20160211,182,4,-9.5,-8.52017937219731,4,HK,4,1,0
20160212,181,4,-9.0,-4.85651214128035,4,HK,4,1,0
20160213,181,4,-9.0,-3.24763193504736,2,HK,2,1,0
20160214,182,4,-9.5,-7.50750750750751,2,HK,2,1,0
20160215,181,4,-9.0,-1.61290322580645,2,HK,2,1,0
20160216,182,4,-9.5,-10.8882521489971,10,HK,10,1,0
20160219,180,4,-9.0,-6.96347031963471,5,HK,5,1,0
20160222,180,4,-9.0,-6.19658119658119,2,HK,2,1,0
20160223,186,4,-10.0,-6.122448921203613,10,HK,10,1,0
20160224,1821,4,-9.0,-8.461538314819336,10,HK,10,1,0
20160225,1821,4,-9.0,-8.136483192443848,20,HK,20,1,1
20160226,1821,4,-9.0,-8.136483192443848,10,HK,10,1,0
20160227,1822,4,-9.0,-5.872844696044922,10,HK,10,1,0
20160228,1821,4,-9.0,-8.136483192443848,10,HK,10,1,0
20160229,181,4,-9.0,-4.3071160316467285,2,HK,2,1,0
20160301,1823,4,-10.0,-7.0652174949646,6,HK,6,1,0
20160302,181,4,-9.0,-1.31795716639209,3,HK,3,1,0
20160303,181,4,-9.0,-3.93996247654785,1,HK,1,1,0
20160304,181,4,-9.0,-3.81861575178998,4,HK,4,1,0
20160305,181,4,-9.0,-4.25531914893617,4,HK,4,1,0
20160307,181,4,-9.0,-4.97925311203319,18,HK,18,1,1
20160309,180,4,-9.0,-0.87463556851312,4,HK,4,1,0
20160311,182,4,-9.5,-5.57491289198606,2,HK,2,1,0
20160313,1822,4,-9.0,-4.76190476190477,4,HK,4,1,0
20160314,1831,4,-10.0,-8.42696629213483,7,HK,7,1,0
20160316,1821,4,-9.0,-3.91566265060241,4,HK,4,1,0
20160317,1821,4,-9.0,-5.55555555555556,6,HK,6,1,0
20160318,182,4,-9.5,-5.82278481012658,1,HK,1,1,0
20160319,181,4,-9.0,-5.21126760563381,4,HK,4,1,0
20160320,181,4,-9.0,-3.57142857142857,2,HK,2,1,0
20160321,181,4,-9.0,-2.20820189274447,2,HK,2,1,0
20160322,186,4,-10.0,-5.76923076923077,5,HK,5,1,0
20160323,181,4,-9.0,-3.65448504983388,10,HK,10,1,0
20160324,181,4,-9.0,-5.51301684532925,4,HK,4,1,0
20160325,181,4,-9.0,-2.3696682464455,10,HK,10,1,0
20160328,181,4,-9.0,-5.83804143126177,2,HK,2,1,0
20160329,181,4,-9.0,3.52941176470588,10,HK,10,1,0
20160330,186,4,-10.0,-0.38240917782027,2,HK,2,1,0
20160331,182,4,-9.5,0.0,2,HK,2,1,0
20160402,1821,4,-9.0,-10.6145251396648,2,HK,2,1,0
20160403,1821,4,-9.0,-10.4395604395604,2,HK,2,1,0
20160404,182,4,-9.5,-2.0,10,HK,10,1,0
20160406,181,4,-9.0,-3.86100386100386,1,HK,1,1,0
20160409,181,4,-9.0,-6.17283950617284,2,HK,2,1,0
20160410,180,4,-9.0,-1.99004975124378,2,HK,2,1,0
20160411,181,4,-9.0,-0.53475935828877,2,HK,2,1,0
20160412,1822,4,-9.0,-5.89622641509434,1,HK,1,1,0
20160413,182,4,-9.5,-0.2724795640327,7,HK,7,1,0
20160415,180,4,-9.0,-3.98936170212765,10,HK,10,1,0
20160416,180,4,-9.0,-11.3513513513513,5,HK,5,1,0
20160417,186,4,-10.0,0.66666666666667,1,HK,1,1,0
20160418,181,4,-9.0,-3.18906605922551,10,HK,10,1,0
20160419,180,4,-9.0,-1.68421052631579,10,HK,20,1,1
20160421,181,4,-9.0,-4.81203007518797,8,HK,8,1,0
20160422,1821,4,-9.0,-5.97014925373134,10,HK,10,1,0
20160424,181,4,-9.0,-3.91993327773144,2,HK,2,1,0
20160425,182,4,-9.5,-7.6271186440678,10,HK,10,1,0
20160426,181,4,-9.0,-0.60679611650485,8,HK,8,1,0
20160427,180,4,-9.0,-6.9672131147541,10,HK,10,1,0
20160428,181,4,-9.0,-0.60679611650485,8,HK,8,1,0
20160429,182,4,-9.5,-10.0,4,HK,4,1,0
20160430,186,4,-10.0,-4.96350364963504,8,HK,8,1,0
20160501,180,4,-9.0,-4.67524705982796,12,HK,12,1,1
20160502,181,4,-9.0,-5.77507598784194,1,HK,1,1,0
20160505,1821,4,-9.0,-1.70777988614801,4,HK,4,1,0
20160506,182,4,-9.5,-0.26007802340702,5,HK,5,1,0
20160507,182,4,-9.5,-6.04651162790698,10,HK,10,1,0
20160508,1821,4,-9.0,-6.25,10,HK,10,1,0
20160513,180,4,-9.0,-1.59235668789809,1,HK,1,1,0
20160516,182,4,-9.5,-5.8252427184466,10,HK,10,1,0
20160517,181,4,-9.0,-0.21413276231263,1,HK,1,1,0
20160518,1821,4,-9.0,0.0,10,HK,10,1,0
20160520,186,4,-10.0,1.77966101694915,1,HK,1,1,0
20160523,180,4,-9.0,-4.96894409937888,2,HK,2,1,0
20160525,181,4,-9.0,-4.40414507772021,2,HK,2,1,0
20160526,181,4,-9.0,-5.84192439862543,2,HK,2,1,0
20160527,182,4,-9.5,-2.43243243243243,10,HK,10,1,0
20160528,1821,4,-9.0,-3.63636363636364,5,HK,5,1,0
20160529,1821,4,-9.0,-6.05786618444846,4,HK,4,1,0
20160530,182,4,-9.5,-5.65371024734982,6,HK,6,1,0
20160531,182,4,-9.5,-3.23679727427598,3,HK,3,1,0
20160601,186,4,-10.0,-3.3457249070632,4,HK,4,1,0
20160602,186,4,-10.0,-3.00230946882217,4,HK,4,1,0
20160603,186,4,-10.0,-2.61306532663316,6,HK,6,1,0
20160605,180,4,-9.0,0.41666666666667,1,HK,1,1,0
20160606,1821,4,-9.0,-1.23809523809523,10,HK,10,1,0
20160607,180,4,-9.0,-3.11418685121108,1,HK,1,1,0
20160608,182,4,-9.5,-6.68523676880223,2,HK,2,1,0
20160612,183,4,-10.0,-6.4516129032258,10,HK,10,1,0
20160613,180,4,-9.0,0.54347826086956,10,HK,10,1,0
20160614,1822,4,-9.0,-3.74955953216591,6,HK,6,1,0
20160615,181,4,-9.0,-8.68761552680222,10,HK,10,1,0
20160616,181,4,-9.0,-7.4074074074074,10,HK,10,1,0
20160617,1822,4,-9.0,-4.01301518438178,2,HK,2,1,0
20160618,181,4,-9.0,-4.80427046263345,5,HK,5,1,0
20160621,1831,4,-10.0,-9.06298003072197,1,HK,1,1,0
20160622,1821,4,-9.0,-4.0,5,HK,5,1,0
20160624,1821,4,-9.0,-4.50450450450451,10,HK,10,1,0
20160625,1822,4,-9.0,-3.32512315270936,1,HK,1,1,0
20160626,1822,4,-9.0,-3.48837209302325,1,HK,1,1,0
20160627,181,4,-9.0,-1.1600928074246,8,HK,8,1,0
20160628,181,4,-9.0,-8.24915824915825,2,HK,2,1,0
20160629,180,4,-9.0,-1.14678899082569,2,HK,2,1,0
20160630,1821,4,-9.0,-7.75967380547554,30,HK,30,1,1
20160701,1821,4,-9.0,-7.47066442314079,20,HK,20,1,1
20160702,1821,4,-9.0,-7.62620837808808,10,HK,10,1,0
20160703,1821,4,-9.0,-7.15596330275229,10,HK,10,1,0
20160704,180,4,-9.0,-4.94505494505494,8,HK,8,1,0
20160705,186,4,-10.0,-1.60349854227405,2,HK,2,1,0
20160706,186,4,-10.0,-1.5840220385675,2,HK,2,1,0
20160707,1822,4,-9.0,-8.92857142857143,10,HK,10,1,0
20160711,180,4,-9.0,-4.65116279069767,10,HK,10,1,0
20160713,1822,4,-9.0,-10.077519379845,2,HK,2,1,0
20160714,1823,4,-10.0,-0.63091482649843,10,HK,10,1,0
20160716,180,4,-9.0,-6.44654088050314,7,HK,7,1,0
20160718,180,4,-9.0,-6.59340659340659,10,HK,10,1,0
20160719,182,4,-9.5,-2.71226415094339,10,HK,10,1,0
20160720,1821,4,-9.0,-2.12765957446808,2,HK,2,1,0
20160721,1822,4,-9.0,-11.1111111111111,2,HK,2,1,0
20160723,182,4,-9.5,-1.02564102564103,10,HK,20,1,1
20160725,182,4,-9.5,-1.06951871657754,10,HK,10,1,0
20160726,181,4,-9.0,-2.52525252525252,5,HK,5,1,0
20160727,182,4,-9.5,-4.72813238770685,10,HK,10,1,0
20160728,180,4,-9.0,-8.80398671096345,5,HK,5,1,0
20160729,182,4,-9.5,-11.231884057971,7,HK,7,1,0
20160801,180,4,-9.0,-3.16901408450704,10,HK,10,1,0
20160802,1823,4,-10.0,-0.96153846153846,5,HK,5,1,0
20160804,182,4,-9.5,-3.90143737166325,2,HK,2,1,0
20160805,181,4,-9.0,-3.64656381486676,4,HK,4,1,0
20160808,186,4,-10.0,-3.92857142857143,10,HK,10,1,0
20160809,180,4,-9.0,-1.47058823529411,10,HK,10,1,0
20160810,180,4,-9.0,-5.29801324503311,2,HK,2,1,0
20160813,182,4,-9.5,-7.29927007299271,6,HK,6,1,0
20160814,180,4,-9.0,-4.61095100864553,2,HK,2,1,0
20160815,182,4,-9.5,-6.34517766497462,4,HK,4,1,0
20160816,181,4,-9.0,-3.60824742268042,5,HK,5,1,0
20160818,180,4,-9.0,-8.18181818181818,5,HK,5,1,0
20160819,1822,4,-9.0,-13.4831460674157,8,HK,8,1,0
20160820,1822,4,-9.0,-8.04597701149426,10,HK,20,1,1
20160823,1821,4,-9.0,-1.77777777777777,10,HK,10,1,0
20160825,1822,4,-9.0,-6.67903525046382,5,HK,10,1,0
20160826,1822,4,-9.0,-12.8378378378379,8,HK,8,1,0
20160831,180,4,-9.0,-3.66197183098592,10,HK,10,1,0
20160901,180,4,-9.0,-3.57142857142857,10,HK,20,1,1
20160902,183,4,-10.0,-7.89473684210526,2,HK,2,1,0
20160904,180,4,-9.0,-0.37546933667084,10,HK,20,1,1
20160906,186,4,-10.0,0.37313432835821,2,HK,2,1,0
20160908,180,4,-9.0,-2.66457680250784,2,HK,2,1,0
20160909,1822,4,-9.0,-4.04858299595142,4,HK,4,1,0
20160912,180,4,-9.0,-4.10022779043281,5,HK,5,1,0
20160913,180,4,-9.0,-6.9252077562327,3,HK,3,1,0
20160914,1821,4,-9.0,-5.10752688172043,4,HK,4,1,0
20160915,182,4,-9.5,-0.88945362134689,7,HK,7,1,0
20160916,186,4,-10.0,-0.55096418732782,6,HK,6,1,0
20160917,180,4,-9.0,-4.35684647302905,4,HK,4,1,0
20160918,182,4,-9.5,-8.97959183673471,10,HK,10,1,0
20160919,180,4,-9.0,-11.7378048780487,10,HK,10,1,0
20160922,182,4,-9.5,0.0,2,HK,2,1,0
20160923,182,4,-9.5,-1.69491525423729,5,HK,5,1,0
20160924,181,4,-9.0,-1.5015015015015,10,HK,10,1,0
20160925,186,4,-10.0,0.23809523809523,10,HK,10,1,0
20160927,186,4,-10.0,-4.7191011235955,2,HK,2,1,0
20160930,1821,4,-9.0,-4.97335701598579,4,HK,4,1,0
20161001,1831,4,-10.0,-8.22368421052632,7,HK,7,1,0
20161002,182,4,-9.5,-10.4938271604939,5,HK,5,1,0
20161003,180,4,-9.0,-7.45920745920746,10,HK,10,1,0
20161004,1821,4,-9.0,-4.80769230769231,10,HK,20,1,1
20161006,181,4,-9.0,-2.25140712945591,2,HK,2,1,0
20161007,182,4,-9.5,-5.83941605839416,10,HK,10,1,0
20161008,183,4,-10.0,-7.78443113772455,1,HK,1,1,0
20161011,182,4,-9.5,-3.82978723404256,8,HK,8,1,0
20161012,180,4,-9.0,-8.05687203791469,2,HK,2,1,0
20161018,186,4,-10.0,-2.36842105263158,10,HK,10,1,0
20161019,180,4,-9.0,-5.51181102362205,10,HK,10,1,0
20161020,181,4,-9.0,-1.36518771331058,5,HK,5,1,0
20161021,181,4,-9.0,-6.39147802929428,4,HK,4,1,0
20161023,1822,4,-9.0,-7.55395683453237,2,HK,2,1,0
20161024,1822,4,-9.0,-7.68903619172643,22,HK,22,1,1
20161025,1822,4,-9.0,-9.22330097087379,10,HK,10,1,0
20161026,181,4,-9.0,-6.437125748503,2,HK,2,1,0
20161027,1822,4,-9.0,-7.90378006872852,6,HK,6,1,0
20161029,1822,4,-9.0,-9.35960591133001,8,HK,8,1,0
20161031,1822,4,-9.0,-3.33333333333334,10,HK,10,1,0
20161101,1822,4,-9.0,-8.9430894308943,2,HK,2,1,0
20161102,1822,4,-9.0,-7.3482428115016,1,HK,1,1,0
20161103,180,4,-9.0,-8.25688073394496,10,HK,10,1,0
20161104,1822,4,-9.0,-11.0526315789474,1,HK,1,1,0
20161105,1822,4,-9.0,-3.05161698485356,20,HK,20,1,1
20161106,1823,4,-10.0,-10.4166666666667,5,HK,5,1,0
20161107,1822,4,-9.0,-7.83645655877342,2,HK,2,1,0
20161108,1822,4,-9.0,-8.47723704866562,8,HK,14,1,1
20161109,1823,4,-10.0,-6.63176265270506,2,HK,2,1,0
20161110,181,4,-9.0,-2.84810126582278,2,HK,2,1,0
20161111,1832,4,-10.0,-4.91419656786271,4,HK,4,1,0
20161112,183,4,-10.0,-3.59116022099448,6,HK,6,1,0
20161114,1821,4,-9.0,-9.75609756097565,10,HK,10,1,0
20161115,181,4,-9.0,-9.37499999999996,4,HK,4,1,0
20161116,180,4,-9.0,-7.89473684210526,10,HK,20,1,1
20161118,180,4,-9.0,0.98231827111984,2,HK,2,1,0
20161121,1823,4,-10.0,0.0,8,HK,8,1,0
20161122,180,4,-9.0,-2.12121212121212,10,HK,10,1,0
20161123,180,4,-9.0,-11.1111111111111,10,HK,15,1,1
20161124,1822,4,-9.0,-7.37100737100737,1,HK,1,1,0
20161130,180,4,-9.0,-1.31795716639209,2,HK,2,1,0
20161202,186,4,-10.0,-0.538213132400431,4,HK,4,1,0
20161205,1823,4,-10.0,-2.96127562642369,6,HK,6,1,0
20161206,1821,4,-9.0,0.66950699939136,3,HK,3,1,0
20161207,180,4,-9.0,-2.34614076844611,8,HK,8,1,0
20161208,180,4,-9.0,-5.50284629981025,10,HK,10,1,0
20161209,180,4,-9.0,-4.375,10,HK,10,1,0
20161210,182,4,-9.5,-5.34591194968553,5,HK,5,1,0
20161211,182,4,-9.5,-1.19047619047619,5,HK,5,1,0
20161212,180,4,-9.0,0.67567567567568,4,HK,4,1,0
20161213,186,4,-10.0,2.10772833723654,2,HK,2,1,0
20161217,186,4,-10.0,-2.24948875255624,8,HK,8,1,0
20161218,183,4,-10.0,-3.87301587301588,3,HK,3,1,0
20161220,182,4,-9.5,-5.64102564102564,10,HK,10,1,0
20161221,186,4,-10.0,0.99750623441397,8,HK,8,1,0
20161223,180,4,-9.0,-8.24742268041236,10,HK,10,1,0
20161224,182,4,-9.5,-15.3409090909091,10,HK,10,1,0
20161226,186,4,-10.0,-2.58426966292134,4,HK,4,1,0
20161227,181,4,-9.0,-4.14634146341464,8,HK,8,1,0
20161228,180,4,-9.0,-4.61847389558233,10,HK,10,1,0
20170101,180,4,-9.0,-5.61224489795918,4,HK,4,1,0
20170103,1821,4,-9.0,-6.53465346534654,4,HK,4,1,0
20170104,182,4,-9.5,-12.6696832579186,2,HK,2,1,0
20170106,1821,4,-9.0,-8.5626911314985,10,HK,10,1,0
20170107,180,4,-9.0,-3.19361277445109,10,HK,10,1,0
20170109,180,4,-9.0,-2.39520958083833,10,HK,10,1,0
20170110,181,4,-9.0,-5.44412607449857,2,HK,2,1,0
20170111,180,4,-9.0,-12.621359223301,10,HK,10,1,0
20170112,180,4,-9.0,-5.68965517241379,10,HK,10,1,0
20170113,182,4,-9.5,0.24469820554649,2,HK,2,1,0
20170114,180,4,-9.0,-5.06024096385542,10,HK,10,1,0
20170115,180,4,-9.0,-1.1340206185567,2,HK,2,1,0
20170116,181,4,-9.0,-5.78313253012049,8,HK,8,1,0
20170118,182,4,-9.5,-0.994547847339725,8,HK,8,1,0
20170119,182,4,-9.5,-2.58064516129033,10,HK,10,1,0
20170120,182,4,-9.5,-4.37956204379562,20,HK,20,1,1
20170122,180,4,-9.0,-3.53430353430354,1,HK,1,1,0
20170124,1822,4,-9.0,-4.32801822323463,6,HK,6,1,0
20170125,186,4,-10.0,2.44648318042813,2,HK,2,1,0
20170127,182,4,-9.5,-1.93548387096775,10,HK,10,1,0
20170128,181,4,-9.0,-4.98835474732037,2,HK,2,1,0
20170130,1821,4,-9.0,-6.34005763688761,4,HK,4,1,0
20170131,181,4,-9.0,-1.60421483430333,15,HK,15,1,1
20170201,181,4,-9.0,-4.45632798573975,3,HK,3,1,0
20170202,181,4,-9.0,-1.04477611940299,4,HK,4,1,0
20170203,181,4,-9.0,-4.31893687707642,4,HK,4,1,0
20170204,181,4,-9.0,-5.4368932038835,2,HK,2,1,0
20170205,1821,4,-9.0,-11.4285714285714,10,HK,10,1,0
20170206,181,4,-9.0,-0.3448275862069,2,HK,2,1,0
20170207,186,4,-10.0,-1.52284263959391,5,HK,5,1,0
20170208,180,4,-9.0,-1.82926829268293,10,HK,10,1,0
20170210,186,4,-10.0,1.06837606837607,1,HK,1,1,0
20170211,183,4,-10.0,-6.63507109004739,1,HK,1,1,0
20170212,183,4,-10.0,-6.85840707964602,2,HK,2,1,0
20170213,181,4,-9.0,-5.45454545454545,8,HK,8,1,0
20170214,181,4,-9.0,-2.61732851985559,1,HK,1,1,0
20170215,186,4,-10.0,-3.35195530726257,5,HK,5,1,0
20170216,181,4,-9.0,-6.45161290322581,2,HK,2,1,0
20170217,186,4,-10.0,-1.10192837465565,2,HK,2,1,0
20170218,1822,4,-9.0,-3.42205323193916,5,HK,5,1,0
20170220,180,4,-9.0,-2.55905511811024,10,HK,10,1,0
20170221,180,4,-9.0,-6.08695652173913,10,HK,10,1,0
20170222,180,4,-9.0,-10.126582278481,10,HK,10,1,0
20170223,180,4,-9.0,-4.1343669250646,3,HK,3,1,0
20170224,186,4,-10.0,-4.53149001536099,2,HK,2,1,0
20170225,186,4,-10.0,-4.65815176558978,1,HK,1,1,0
20170226,180,4,-9.0,-3.99002493765586,10,HK,10,1,0
20170227,181,4,-9.0,-0.303030303030301,5,HK,5,1,0
20170228,186,4,-10.0,-2.87846481876333,1,HK,1,1,0
20170301,186,4,-10.0,-9.75609756097564,10,HK,10,1,0
20170302,182,4,-9.5,-3.96825396825397,8,HK,8,1,0
20170303,180,4,-9.0,-9.47075208913652,10,HK,10,1,0
20170304,181,4,-9.0,-0.2710027100271,10,HK,10,1,0
20170305,181,4,-9.0,-4.08163265306123,2,HK,2,1,0
20170306,182,4,-9.5,-2.02429149797571,2,HK,2,1,0
20170307,180,4,-9.0,-13.0,5,HK,5,1,0
20170308,180,4,-9.0,-1.16279069767442,10,HK,10,1,0
20170310,180,4,-9.0,-5.8252427184466,20,HK,20,1,1
20170312,180,4,-9.0,-7.1599045346062,10,HK,14,1,1
20170313,182,4,-9.5,2.04081632653061,10,HK,10,1,0
20170320,180,4,-9.0,-1.21951219512195,10,HK,10,1,0
20170321,181,4,-9.0,-1.97177653199304,5,HK,5,1,0
20170322,183,4,-10.0,-7.9913606911447,2,HK,2,1,0
20170323,181,4,-9.0,-0.85714285714286,5,HK,5,1,0
20170325,182,4,-9.5,-3.46620450606586,8,HK,8,1,0
20170326,180,4,-9.0,-4.16666666666667,1,HK,2,1,0
20170327,181,4,-9.0,-1.98869175277832,5,HK,5,1,0
20170328,180,4,-9.0,-3.99002493765586,10,HK,10,1,0
20170329,182,4,-9.5,-4.98084291187739,10,HK,10,1,0
20170331,181,4,-9.0,-3.04878048780488,2,HK,2,1,0
20170401,180,4,-9.0,-10.126582278481,10,HK,10,1,0
20170404,180,4,-9.0,-5.23560209424083,2,HK,2,1,0
20170405,186,4,-10.0,-3.91566265060241,6,HK,6,1,0
20170406,182,4,-9.5,-9.33333333333333,10,HK,10,1,0
20170407,180,4,-9.0,-5.31496062992126,10,HK,10,1,0
20170408,180,4,-9.0,-6.48648648648649,10,HK,10,1,0
20170409,180,4,-9.0,-3.28358208955224,10,HK,10,1,0
20170410,180,4,-9.0,-14.8648648648648,10,HK,10,1,0
20170412,180,4,-9.0,1.08108108108108,10,HK,10,1,0
20170413,181,4,-9.0,-3.84615384615385,5,HK,5,1,0
20170414,180,4,-9.0,-12.2727272727273,10,HK,10,1,0
20170415,180,4,-9.0,0.9009009009009,10,HK,10,1,0
20170416,182,4,-9.5,-8.49056603773585,10,HK,10,1,0
20170417,180,4,-9.0,-9.47368421052632,5,HK,5,1,0
20170418,180,4,-9.0,-3.00300300300301,10,HK,10,1,0
20170421,180,4,-9.0,-2.34375,1,HK,1,1,0
20170422,181,4,-9.0,-9.95762711864411,5,HK,5,1,0
20170426,180,4,-9.0,-7.63636363636364,3,HK,3,1,0
20170429,180,4,-9.0,-6.9371727748691,10,HK,10,1,0
20170502,1823,4,-10.0,-4.0,5,HK,5,1,0
20170505,186,4,-10.0,1.86915887850467,6,HK,6,1,0
20170508,1821,4,-9.0,-11.1111111111111,10,HK,10,1,0
20170509,1822,4,-9.0,-6.20320855614973,3,HK,3,1,0
20170510,182,4,-9.5,3.43007915567283,2,HK,2,1,0
20170511,182,4,-9.5,-10.4529616724739,10,HK,10,1,0
20170512,1821,4,-9.0,-10.1538461538462,10,HK,20,1,1
20170513,182,4,-9.5,-3.92156862745098,10,HK,10,1,0
20170515,1822,4,-9.0,-1.15830115830116,10,HK,10,1,0
20170517,1822,4,-9.0,-3.42741935483871,1,HK,1,1,0
20170518,186,4,-10.0,4.57142857142857,5,HK,5,1,0
20170519,1822,4,-9.0,-3.77358490566037,1,HK,1,1,0
20170520,1821,4,-9.0,-12.1951219512195,4,HK,4,1,0
20170522,1823,4,-10.0,1.15492994157489,10,HK,10,1,0
20170523,186,4,-10.0,5.40880503144654,1,HK,1,1,0
20170525,181,4,-9.0,-2.88248337028824,5,HK,5,1,0
20170526,180,4,-9.0,-14.7368421052632,10,HK,10,1,0
20170529,182,4,-9.5,-10.6280193236715,5,HK,5,1,0
20170530,1822,4,-9.0,-0.23529411764706,4,HK,4,1,0
20170531,180,4,-9.0,-9.27021696252466,5,HK,5,1,0
20170601,180,4,-9.0,-12.7562642369021,3,HK,3,1,0
20170604,1832,4,-10.0,1.29032258064517,4,HK,4,1,0
20170608,180,4,-9.0,-3.53535353535353,10,HK,10,1,0
20170609,180,4,-9.0,-6.58263305322129,10,HK,10,1,0
20170618,182,4,-9.5,-5.625,10,HK,10,1,0
20170619,183,4,-10.0,-5.810147299509,1,HK,1,1,0
20170620,180,4,-9.0,-0.62893081761006,10,HK,10,1,0
20170621,186,4,-10.0,2.38568588469185,6,HK,6,1,0
20170622,181,4,-9.0,1.91846522781775,10,HK,10,1,0
20170623,180,4,-9.0,-0.35778175313059,3,HK,3,1,0
20170624,1831,4,-10.0,-4.24324791057728,28,HK,28,1,1
20170625,1822,4,-9.0,-4.71014492753623,10,HK,10,1,0
20170627,180,4,-9.0,-7.39130434782609,4,HK,4,1,0
20170628,181,4,-9.0,-5.58659217877095,8,HK,8,1,0
20170629,181,4,-9.0,-5.4176072234763,5,HK,5,1,0
20170630,182,4,-9.5,-1.26582278481013,6,HK,6,1,0
20170701,186,4,-10.0,2.24358974358974,10,HK,10,1,0
20170702,181,4,-9.0,-1.8796992481203,16,HK,16,1,1
20170703,180,4,-9.0,-5.50660792951542,10,HK,20,1,1
20170705,1821,4,-9.0,-8.91719745222932,10,HK,20,1,1
20170706,182,4,-9.5,-3.40909090909091,8,HK,8,1,0
20170710,182,4,-9.5,-6.15384615384615,2,HK,2,1,0
20170711,1822,4,-9.0,-7.56756756756757,1,HK,1,1,0
20170713,180,4,-9.0,2.2700119474313,10,HK,10,1,0
20170714,180,4,-9.0,-8.93246187363835,10,HK,20,1,1
20170715,182,4,-9.5,-5.92105263157894,8,HK,8,1,0
20170716,180,4,-9.0,-5.53505535055351,10,HK,10,1,0
20170717,182,4,-9.5,-5.19835841313269,8,HK,8,1,0
20170719,180,4,-9.0,-10.2803738317757,10,HK,10,1,0
20170720,180,4,-9.0,-6.72897196261682,5,HK,5,1,0
20170724,1821,4,-9.0,-3.85542168674699,12,HK,12,1,1
20170725,180,4,-9.0,-6.61764705882353,2,HK,2,1,0
20170727,181,4,-9.0,-5.91133004926109,10,HK,10,1,0
20170729,1822,4,-9.0,-4.40528634361234,5,HK,5,1,0
20170731,1821,4,-9.0,-9.00473933649289,5,HK,5,1,0
20170801,181,4,-9.0,-5.03778337531486,10,HK,10,1,0
20170803,180,4,-9.0,-4.33145009416196,1,HK,1,1,0
20170804,180,4,-9.0,-6.12244897959184,6,HK,6,1,0
20170808,180,4,-9.0,-7.32984293193717,10,HK,20,1,1
20170809,180,4,-9.0,-6.47482014388489,10,HK,10,1,0
20170811,181,4,-9.0,-9.2592592592593,10,HK,10,1,0
20170813,181,4,-9.0,-5.83832335329341,2,HK,2,1,0
20170814,1821,4,-9.0,-8.66666666666667,10,HK,10,1,0
20170815,182,4,-9.5,1.55038759689922,4,HK,4,1,0
20170816,1822,4,-9.0,-4.58015267175572,4,HK,4,1,0
20170817,1822,4,-9.0,-7.43034055727554,10,HK,10,1,0
20170818,182,4,-9.5,-8.29015544041451,2,HK,2,1,0
20170819,182,4,-9.5,-7.4074074074074,1,HK,1,1,0
20170820,180,4,-9.0,-2.9038112522686,3,HK,3,1,0
20170821,180,4,-9.0,-2.83975659229209,2,HK,2,1,0
20170822,1822,4,-9.0,-3.79746835443038,10,HK,10,1,0
20170824,182,4,-9.5,-4.71698113207547,4,HK,4,1,0
20170825,180,4,-9.0,-1.91082802547771,1,HK,1,1,0
20170827,180,4,-9.0,-1.90274841437632,1,HK,1,1,0
20170831,1821,4,-9.0,-5.73122529644268,2,HK,2,1,0
20170901,180,4,-9.0,-5.64705882352941,5,HK,5,1,0
20170902,180,4,-9.0,-4.77611940298508,6,HK,6,1,0
20170907,182,4,-9.5,-4.45969125214408,4,HK,4,1,0
20170911,181,4,-9.0,-1.87265917602996,10,HK,10,1,0
20170912,181,4,-9.0,0.0,4,HK,4,1,0
20170913,180,4,-9.0,-3.4,2,HK,2,1,0
20170914,181,4,-9.0,-8.14479638009047,10,HK,10,1,0
20170915,186,4,-10.0,-0.709219858156032,5,HK,5,1,0
20170917,180,4,-9.0,-5.36398467432951,10,HK,10,1,0
20170918,182,4,-9.5,-4.54545454545455,10,HK,10,1,0
20170919,180,4,-9.0,-6.03448275862069,5,HK,5,1,0
20170925,1831,4,-10.0,0.75757575757576,1,HK,1,1,0
20170926,180,4,-9.0,-3.38983050847458,5,HK,5,1,0
20170927,181,4,-9.0,1.2448132780083,2,HK,2,1,0
20170928,186,4,-10.0,1.04895104895105,5,HK,5,1,0
20170929,1831,4,-10.0,-6.5,1,HK,1,1,0
20170930,180,4,-9.0,-7.37240075614366,8,HK,8,1,0
20171002,182,4,-9.5,-3.10344827586207,5,HK,5,1,0
20171003,182,4,-9.5,-3.38983050847458,5,HK,5,1,0
20171004,1821,4,-9.0,-11.1111111111111,10,HK,10,1,0
20171005,180,4,-9.0,-5.91397849462365,8,HK,8,1,0
20171010,180,4,-9.0,-1.84254606365159,2,HK,2,1,0
20171011,181,4,-9.0,0.0,2,HK,2,1,0
20171012,180,4,-9.0,-8.6734693877551,10,HK,10,1,0
20171014,181,4,-9.0,-0.16,2,HK,2,1,0
20171016,181,4,-9.0,-0.15432098765432,2,HK,2,1,0
20171017,1823,4,-10.0,-12.2641509433962,5,HK,5,1,0
20171019,180,4,-9.0,-6.70731707317073,5,HK,5,1,0
20171022,180,4,-9.0,-4.32098765432099,10,HK,10,1,0
20171023,180,4,-9.0,-2.98507462686567,5,HK,5,1,0
20171024,181,4,-9.0,-3.83386581469649,2,HK,2,1,0
20171025,180,4,-9.0,-4.4776119402985,10,HK,10,1,0
20171026,181,4,-9.0,-2.94695481335953,3,HK,3,1,0
20171029,180,4,-9.0,-13.2530120481928,8,HK,8,1,0
20171030,181,4,-9.0,-0.25575447570333,6,HK,6,1,0
20171101,181,4,-9.0,-6.1437908496732,1,HK,1,1,0
20171103,181,4,-9.0,-1.71277997364954,7,HK,7,1,0
20171106,186,4,-10.0,0.232288037166089,1,HK,1,1,0
20171107,1822,4,-9.0,-7.48898678414099,4,HK,4,1,0
20171108,180,4,-9.0,-7.36543909348441,5,HK,5,1,0
20171109,181,4,-9.0,-3.6144578313253,5,HK,5,1,0
20171110,180,4,-9.0,-5.17647058823529,5,HK,5,1,0
20171113,180,4,-9.0,-7.70712909441233,5,HK,5,1,0
20171114,180,4,-9.0,1.43769968051118,2,HK,2,1,0
20171115,182,4,-9.5,-2.69607843137255,2,HK,2,1,0
20171121,186,4,-10.0,4.42260442260442,3,HK,3,1,0
20171122,1821,4,-9.0,-4.67532467532467,10,HK,10,1,0
20171123,1821,4,-9.0,-8.65384615384616,10,HK,10,1,0
20171124,186,4,-10.0,3.95314787701318,3,HK,3,1,0
20171125,180,4,-9.0,5.65552699228792,8,HK,8,1,0
20171126,180,4,-9.0,-5.37102473498233,10,HK,10,1,0
20171127,180,4,-9.0,-7.48663101604278,10,HK,10,1,0
20171128,186,4,-10.0,4.32900432900433,3,HK,3,1,0
20171130,1822,4,-9.0,-4.88549618320611,6,HK,6,1,0
20171203,181,4,-9.0,-3.1496062992126,2,HK,2,1,0
20171204,186,4,-10.0,1.8018018018018,10,HK,10,1,0
20171205,1821,4,-9.0,-6.640625,4,HK,4,1,0
20171206,180,4,-9.0,-2.6530612244898,1,HK,1,1,0
20171207,186,4,-10.0,-3.55029585798817,5,HK,5,1,0
20171210,180,4,-9.0,-1.00619195046439,8,HK,8,1,0
20171213,1821,4,-9.0,-4.36456996148909,10,HK,10,1,0
20171215,180,4,-9.0,-8.3870967741936,5,HK,5,1,0
20171218,180,4,-9.0,-9.45054945054945,10,HK,20,1,1
20171219,180,4,-9.0,-2.32067510548523,10,HK,10,1,0
20171220,1823,4,-10.0,-4.83870967741936,10,HK,10,1,0
20171221,180,4,-9.0,-9.1549295774648,5,HK,5,1,0
20171222,180,4,-9.0,-5.51097742587104,25,HK,25,1,1
20171223,1822,4,-9.0,-7.5471698113208,10,HK,10,1,0
20171224,180,4,-9.0,-2.77777777777778,3,HK,3,1,0
20171225,180,4,-9.0,-2.71317829457364,3,HK,3,1,0
20171226,1822,4,-9.0,-7.8799249530957,2,HK,2,1,0
20171227,180,4,-9.0,-2.83687943262411,3,HK,3,1,0
20171228,180,4,-9.0,-3.18225650916104,5,HK,5,1,0
20171229,1821,4,-9.0,0.53859964093358,10,HK,10,1,0
20171230,180,4,-9.0,-4.45682451253482,10,HK,10,1,0
20171231,1821,4,-9.0,-2.10631895687061,3,HK,3,1,0
20180103,180,4,-9.0,-13.2231404958678,10,HK,20,1,1
20180104,180,4,-9.0,-2.10016155088853,4,HK,4,1,0
20180105,181,4,-9.0,-8.8652482269504,10,HK,10,1,0
20180108,181,4,-9.0,-5.06108202443281,5,HK,5,1,0
20180113,186,4,-10.0,-4.63576158940397,6,HK,6,1,0
20180114,180,4,-9.0,-7.63358778625954,10,HK,10,1,0
20180117,180,4,-9.0,-6.14754098360656,10,HK,25,1,1
20180118,1821,4,-9.0,-5.31697341513293,10,HK,10,1,0
20180119,186,4,-10.0,-4.88372093023256,6,HK,6,1,0
20180120,181,4,-9.0,-4.34782608695652,8,HK,8,1,0
20180122,181,4,-9.0,0.59084194977844,2,HK,2,1,0
20180123,181,4,-9.0,-1.62932790224032,2,HK,2,1,0
20180126,181,4,-9.0,-1.61290322580645,6,HK,6,1,0
20180128,183,4,-10.0,-1.19402985074627,6,HK,6,1,0
20180129,183,4,-10.0,-3.4375,10,HK,10,1,0
20180130,181,4,-9.0,0.64724919093851,2,HK,2,1,0
20180131,186,4,-10.0,2.66990291262136,3,HK,3,1,0
20180201,183,4,-10.0,-4.05797101449275,2,HK,2,1,0
20180202,180,4,-9.0,-6.65564282761472,10,HK,10,1,0
20180209,181,4,-9.0,-10.2127659574469,5,HK,5,1,0
20180210,182,4,-9.5,-11.0,4,HK,4,1,0
20180211,1821,4,-9.0,-5.96330275229358,10,HK,10,1,0
20180212,180,4,-9.0,-6.19902120717781,10,HK,10,1,0
20180213,181,4,-9.0,-3.82513661202186,10,HK,10,1,0
20180215,1821,4,-9.0,-1.73310225303293,8,HK,8,1,0
20180216,180,4,-9.0,-2.97619047619047,10,HK,10,1,0
20180217,1823,4,-10.0,-3.29317269076305,8,HK,8,1,0
20180219,181,4,-9.0,-5.43259557344065,10,HK,10,1,0
20180220,182,4,-9.5,-6.23376623376623,10,HK,10,1,0
20180222,181,4,-9.0,-3.41753343239228,10,HK,10,1,0
20180223,183,4,-10.0,-5.45073375262054,10,HK,10,1,0
20180224,182,4,-9.5,-0.53475935828877,6,HK,6,1,0
20180225,1822,4,-9.0,-7.95287187039764,1,HK,1,1,0
20180227,186,4,-10.0,4.38908659549229,2,HK,2,1,0
20180228,180,4,-9.0,-8.0,10,HK,10,1,0
20180302,180,4,-9.0,-10.1149425287356,8,HK,8,1,0
20180303,180,4,-9.0,-7.11297071129708,1,HK,1,1,0
20180305,180,4,-9.0,-7.11297071129708,3,HK,3,1,0
20180306,180,4,-9.0,-14.1843971631206,10,HK,10,1,0
20180308,180,4,-9.0,-10.2083333333333,10,HK,10,1,0
20180309,1821,4,-9.0,-5.82750582750582,6,HK,6,1,0
20180310,180,4,-9.0,-4.51527224435591,10,HK,30,1,1
20180312,1821,4,-9.0,-7.27272727272727,2,HK,2,1,0
20180313,1822,4,-9.0,-9.87124463519308,10,HK,10,1,0
20180315,185,4,-8.0,-5.19262981574539,1,HK,1,1,0
20180316,183,4,-10.0,-7.5,1,HK,1,1,0
20180318,182,4,-9.5,1.76056338028169,2,HK,2,1,0
20180321,180,4,-9.0,2.6578073089701,7,HK,7,1,0
20180323,1821,4,-9.0,-3.46020761245675,2,HK,2,1,0
20180324,180,4,-9.0,-5.34223706176961,4,HK,4,1,0
20180326,180,4,-9.0,-7.64119601328904,10,HK,10,1,0
20180327,181,4,-9.0,4.40034512510786,7,HK,7,1,0
20180328,186,4,-10.0,-1.82815356489945,10,HK,10,1,0
20180329,180,4,-9.0,-4.23452768729641,5,HK,5,1,0
20180330,181,4,-9.0,-5.58482613277134,2,HK,2,1,0
20180331,180,4,-9.0,-4.06504065040651,8,HK,8,1,0
20180401,186,4,-10.0,-1.65745856353591,6,HK,6,1,0
20180402,181,4,-9.0,-3.67892976588629,10,HK,10,1,0
20180403,182,4,-9.5,-8.83838383838384,10,HK,10,1,0
20180410,181,4,-9.0,-4.55486542443064,5,HK,5,1,0
20180413,182,4,-9.5,-3.44827586206896,1,HK,1,1,0
20180414,1821,4,-9.0,-6.18374558303886,3,HK,3,1,0
20180415,181,4,-9.0,0.45662100456621,2,HK,2,1,0
20180416,180,4,-9.0,1.34228187919463,5,HK,5,1,0
20180417,181,4,-9.0,-3.54609929078014,1,HK,1,1,0
20180418,181,4,-9.0,-0.74328187535735,2,HK,2,1,0
20180422,181,4,-9.0,-5.5,5,HK,5,1,0
20180423,181,4,-9.0,-8.28402366863906,2,HK,2,1,0
20180427,180,4,-9.0,-7.35930735930736,10,HK,10,1,0
20180428,1822,4,-9.0,-3.83877159309021,3,HK,3,1,0
20180429,180,4,-9.0,-9.09090909090909,10,HK,10,1,0
20180501,180,4,-9.0,-9.35672514619883,10,HK,20,1,1
20180503,182,4,-9.5,-7.67263427109975,3,HK,3,1,0
20180504,182,4,-9.5,-5.23731587561374,1,HK,1,1,0
20180505,180,4,-9.0,-4.29268292682927,10,HK,20,1,1
20180506,180,4,-9.0,-0.19627085377822,7,HK,7,1,0
20180509,1821,4,-9.0,-3.91459074733096,20,HK,20,1,1
20180510,1822,4,-9.0,-0.13422818791946,2,HK,2,1,0
20180511,183,4,-10.0,-1.92307692307692,10,HK,10,1,0
20180512,180,4,-9.0,-3.95587675922404,10,HK,10,1,0
20180514,186,4,-10.0,2.4390243902439,10,HK,10,1,0
20180515,180,4,-9.0,-3.35664335664335,2,HK,2,1,0
20180516,182,4,-9.5,-4.36137071651091,10,HK,10,1,0
20180517,180,4,-9.0,-6.98757763975155,8,HK,8,1,0
20180518,182,4,-9.5,-5.11463844797178,1,HK,1,1,0
20180521,181,4,-9.0,-2.96735905044511,1,HK,1,1,0
20180523,181,4,-9.0,-7.52688172043011,2,HK,2,1,0
20180525,180,4,-9.0,-4.97737556561086,10,HK,10,1,0
20180527,181,4,-9.0,-2.30414746543778,2,HK,2,1,0
20180528,1821,4,-9.0,-8.84210526315788,10,HK,10,1,0
20180531,180,4,-9.0,0.64935064935065,2,HK,2,1,0
20180603,186,4,-10.0,1.08695652173913,1,HK,1,1,0
20180606,181,4,-9.0,-2.37849017580145,2,HK,2,1,0
20180607,1822,4,-9.0,-6.33147113594041,5,HK,5,1,0
20180608,182,4,-9.5,-4.45859872611465,8,HK,8,1,0
20180610,182,4,-9.5,-1.47058823529412,6,HK,6,1,0
20180611,180,4,-9.0,-13.2867132867133,10,HK,10,1,0
20180612,181,4,-9.0,-4.21686746987952,10,HK,10,1,0
20180614,1822,4,-9.0,-4.91803278688524,10,HK,10,1,0
20180618,180,4,-9.0,-9.92366412213739,10,HK,10,1,0
20180620,1822,4,-9.0,-8.62068965517245,4,HK,4,1,0
20180621,1823,4,-10.0,-7.87992495309568,10,HK,10,1,0
20180622,1822,4,-9.0,-4.6242774566474,1,HK,1,1,0
20180625,181,4,-9.0,-5.74018126888218,10,HK,10,1,0
20180626,182,4,-9.5,-0.48939641109298,10,HK,10,1,0
20180627,181,4,-9.0,0.79681274900398,5,HK,5,1,0
20180628,180,4,-9.0,-5.51378446115288,10,HK,10,1,0
20180629,180,4,-9.0,-5.12483574244415,8,HK,8,1,0
20180703,186,4,-10.0,-5.80357142857143,5,HK,5,1,0
20180704,1821,4,-9.0,-3.5,10,HK,10,1,0
20180705,180,4,-9.0,-6.98324022346369,10,HK,10,1,0
20180706,180,4,-9.0,-6.70731707317073,8,HK,8,1,0
20180707,180,4,-9.0,-5.8252427184466,8,HK,8,1,0
20180710,180,4,-9.0,-0.7847533632287,10,HK,10,1,0
20180712,186,4,-10.0,1.52091254752851,5,HK,5,1,0
20180713,180,4,-9.0,0.235849056603779,5,HK,5,1,0
20180714,180,4,-9.0,-6.91768826619965,10,HK,10,1,0
20180715,181,4,-9.0,0.0,10,HK,10,1,0
20180719,180,4,-9.0,-5.22388059701492,5,HK,5,1,0
20180720,186,4,-10.0,-4.67937608318891,2,HK,2,1,0
20180723,1821,4,-9.0,-1.4218009478673,2,HK,2,1,0
20180724,1821,4,-9.0,-9.1743119266055,10,HK,10,1,0
20180725,1821,4,-9.0,-7.78985507246377,6,HK,6,1,0
20180727,186,4,-10.0,0.961331901181525,20,HK,20,1,1
20180730,180,4,-9.0,-1.0498687664042,4,HK,4,1,0
20180801,180,4,-9.0,-4.76190476190476,10,HK,10,1,0
20180805,181,4,-9.0,-7.93650793650796,10,HK,10,1,0
20180808,180,4,-9.0,0.775193798449609,5,HK,5,1,0
20180809,1822,4,-9.0,-8.60759493670885,1,HK,1,1,0
20180810,180,4,-9.0,-3.15656565656566,8,HK,8,1,0
20180814,180,4,-9.0,-4.81481481481482,10,HK,10,1,0
20180815,180,4,-9.0,-5.93220338983051,2,HK,2,1,0
20180816,1831,4,-10.0,-7.40740740740741,6,HK,6,1,0
20180818,1821,4,-9.0,-8.125,10,HK,10,1,0
20180820,1821,4,-9.0,-8.125,10,HK,10,1,0
20180826,180,4,-9.0,-1.98019801980198,5,HK,5,1,0
20180827,1822,4,-9.0,-3.66379310344828,1,HK,1,1,0
20180828,180,4,-9.0,-7.57575757575757,10,HK,10,1,0
20180829,182,4,-9.5,-4.79805648344974,18,HK,18,1,1
20180901,180,4,-9.0,-6.52173913043478,10,HK,10,1,0
20180902,180,4,-9.0,-6.91823899371069,4,HK,4,1,0
20180903,180,4,-9.0,-3.66197183098592,2,HK,2,1,0
20180904,186,4,-10.0,5.456570155902,1,HK,1,1,0
20180906,1821,4,-9.0,-5.52677711634455,50,HK,50,1,1
20180907,1821,4,-9.0,-5.80645161290323,10,HK,20,1,1
20180911,181,4,-9.0,-6.8870523415978,1,HK,1,1,0
20180912,180,4,-9.0,-4.18502202643172,10,HK,10,1,0
20180913,180,4,-9.0,-0.9400705052879,1,HK,1,1,0
20180915,1822,4,-9.0,-3.82081686429512,5,HK,5,1,0
20180916,182,4,-9.5,-6.99300699300699,10,HK,10,1,0
20180917,182,4,-9.5,-6.01503759398496,5,HK,5,1,0
20180918,180,4,-9.0,-6.32411067193676,2,HK,2,1,0
20180920,186,4,-10.0,-7.9136690647482,10,HK,10,1,0
20180921,186,4,-10.0,-8.18965517241379,10,HK,30,1,1
20180922,180,4,-9.0,-0.74074074074074,10,HK,10,1,0
20180923,180,4,-9.0,-9.80926430517711,2,HK,2,1,0
20180924,181,4,-9.0,0.0,4,HK,4,1,0
20180926,180,4,-9.0,-5.72916666666667,5,HK,5,1,0
20180927,186,4,-10.0,-4.05405405405406,6,HK,6,1,0
20180928,182,4,-9.5,-4.23600605143721,1,HK,1,1,0
20180929,180,4,-9.0,-6.52591170825336,10,HK,10,1,0
20180930,180,4,-9.0,-5.54951033732318,1,HK,1,1,0
20181001,180,4,-9.0,-4.76190476190476,1,HK,1,1,0
20181002,180,4,-9.0,-3.37078651685393,2,HK,2,1,0
20181003,180,4,-9.0,-1.07794361525705,1,HK,1,1,0
20181009,186,4,-10.0,-0.440044004400439,2,HK,2,1,0
20181010,186,4,-10.0,1.82370820668693,3,HK,3,1,0
20181011,181,4,-9.0,-4.1705282669138,2,HK,2,1,0
20181012,1821,4,-9.0,-4.64240903387704,10,HK,10,1,0
20181013,1821,4,-9.0,-4.64240903387704,10,HK,10,1,0
20181014,1822,4,-9.0,-4.32432432432433,10,HK,10,1,0
20181019,181,4,-9.0,-1.04046242774566,10,HK,10,1,0
20181020,181,4,-9.0,-1.04046242774566,10,HK,10,1,0
20181022,181,4,-9.0,-6.14754098360656,5,HK,5,1,0
20181023,1822,4,-9.0,-9.22131147540983,2,HK,2,1,0
20181024,180,4,-9.0,-5.60578661844485,5,HK,5,1,0
20181025,180,4,-9.0,-8.51063829787237,6,HK,6,1,0
20181026,1821,4,-9.0,-9.45945945945946,5,HK,5,1,0
20181030,182,4,-9.5,-4.26065162907268,2,HK,2,1,0
20181031,181,4,-9.0,-6.69077757685352,10,HK,10,1,0
20181101,181,4,-9.0,-6.49122807017544,8,HK,8,1,0
20181102,186,4,-10.0,-7.75401069518717,6,HK,6,1,0
20181105,1821,4,-9.0,-10.1190476190476,10,HK,10,1,0
20181106,1821,4,-9.0,-11.3300492610838,10,HK,10,1,0
20181107,181,4,-9.0,-4.97737556561086,10,HK,10,1,0
20181110,180,4,-9.0,-9.12052117263839,10,HK,20,1,1
20181111,180,4,-9.0,-5.21500457456542,5,HK,5,1,0
20181112,181,4,-9.0,-6.47321428571428,10,HK,10,1,0
20181113,181,4,-9.0,7.63358778625954,2,HK,2,1,0
20181114,180,4,-9.0,-11.0671936758893,10,HK,20,1,1
20181117,180,4,-9.0,-8.90052356020945,10,HK,20,1,1
20181120,180,4,-9.0,-8.54870775347917,10,HK,10,1,0
20181121,1823,4,-10.0,1.30718954248366,10,HK,10,1,0
20181122,183,4,-10.0,-4.85436893203884,10,HK,20,1,1
20181125,181,4,-9.0,-1.27388535031847,10,HK,10,1,0
20181126,181,4,-9.0,1.47058823529411,10,HK,10,1,0
20181128,182,4,-9.5,-3.49946977730647,2,HK,2,1,0
20181130,182,4,-9.5,-9.7902097902098,10,HK,10,1,0
20181204,181,4,-9.0,-6.61157024793389,10,HK,10,1,0
20181205,182,4,-9.5,-8.10810810810811,4,HK,4,1,0
20181206,182,4,-9.5,-8.94039735099338,5,HK,5,1,0
20181207,182,4,-9.5,-8.46394984326019,5,HK,5,1,0
20181208,186,4,-10.0,-4.74137931034482,4,HK,4,1,0
20181210,182,4,-9.5,-7.72946859903382,6,HK,6,1,0
20181211,180,4,-9.0,-3.125,4,HK,4,1,0
20181212,180,4,-9.0,-8.84353741496598,1,HK,1,1,0
20181213,182,4,-9.5,-8.23970037453184,2,HK,2,1,0
20181215,186,4,-10.0,-3.29670329670329,10,HK,10,1,0
20181219,180,4,-9.0,-12.3853211009174,10,HK,10,1,0
20181221,180,4,-9.0,-10.752688172043,4,HK,4,1,0
20181226,180,4,-9.0,-6.875,10,HK,10,1,0
20181228,180,4,-9.0,-5.61983471074381,10,HK,15,1,1
20181231,186,4,-10.0,-3.61904761904762,2,HK,2,1,0
20190101,183,4,-10.0,4.31893687707641,4,HK,4,1,0
20190102,186,4,-10.0,5.30503978779841,8,HK,8,1,0
20190104,1821,4,-9.0,-7.44680851063829,4,HK,4,1,0
20190108,182,4,-9.5,-6.94444444444445,10,HK,10,1,0
20190110,186,4,-10.0,-3.25379609544469,6,HK,6,1,0
20190116,182,4,-9.5,-6.5,10,HK,10,1,0
20190117,183,4,-10.0,-5.22088353413655,2,HK,2,1,0
20190118,180,4,-9.0,-3.2258064516129,5,HK,5,1,0
20190119,1821,4,-9.0,-7.2289156626506,1,HK,1,1,0
20190122,180,4,-9.0,-4.46735395189004,5,HK,5,1,0
20190123,1831,4,-10.0,-1.94174757281553,4,HK,4,1,0
20190128,180,4,-9.0,-2.77185501066098,10,HK,10,1,0
20190201,186,4,-10.0,4.18181818181818,5,HK,5,1,0
20190202,180,4,-9.0,-5.71428571428572,8,HK,8,1,0
20190203,183,4,-10.0,-3.33333333333333,10,HK,10,1,0
20190204,180,4,-9.0,-5.07518796992481,10,HK,10,1,0
20190206,1821,4,-9.0,-4.72706809229038,5,HK,5,1,0
20190207,180,4,-9.0,-4.17690417690418,4,HK,4,1,0
20190212,1821,4,-9.0,-9.00195694716247,5,HK,5,1,0
20190213,180,4,-9.0,-8.63039399624765,3,HK,3,1,0
20190214,181,4,-9.0,-2.12339362722645,6,HK,6,1,0
20190215,186,4,-10.0,4.4543429844098,2,HK,2,1,0
20190222,181,4,-9.0,-6.61157024793388,2,HK,2,1,0
20190301,182,4,-9.5,-4.02498265093685,1,HK,1,1,0
20190306,180,4,-9.0,0.81632653061224,10,HK,10,1,0
20190307,182,4,-9.5,1.00806451612903,6,HK,6,1,0
20190308,1822,4,-9.0,-2.3916292974589,1,HK,1,1,0
20190309,180,4,-9.0,-3.61271676300578,5,HK,5,1,0
20190311,1821,4,-9.0,-5.8823529411765,5,HK,10,1,0
20190312,1822,4,-9.0,-0.61443932411674,1,HK,1,1,0
20190313,1821,4,-9.0,-5.71428571428572,5,HK,5,1,0
20190314,180,4,-9.0,-7.83132530120482,10,HK,20,1,1
20190315,1822,4,-9.0,-0.99667774086379,4,HK,4,1,0
20190316,1822,4,-9.0,-14.8936170212766,10,HK,10,1,0
20190318,180,4,-9.0,-5.33642691415314,2,HK,2,1,0
20190319,180,4,-9.0,-2.98507462686567,10,HK,10,1,0
20190320,1821,4,-9.0,0.4149377593361,5,HK,5,1,0
20190321,180,4,-9.0,-3.44467640918581,6,HK,6,1,0
20190326,1822,4,-9.0,-3.18181818181818,2,HK,2,1,0
20190328,180,4,-9.0,-5.12163892445583,2,HK,2,1,0
20190329,182,4,-9.5,-3.27102803738317,5,HK,5,1,0
20190330,186,4,-10.0,-4.17582417582417,10,HK,10,1,0
20190331,186,4,-10.0,-4.50346420323325,10,HK,10,1,0
20190401,180,4,-9.0,-20.7547169811321,10,HK,10,1,0
20190402,186,4,-10.0,9.75609756097566,3,HK,3,1,0
20190403,186,4,-10.0,4.83271375464684,2,HK,2,1,0
20190407,180,4,-9.0,-10.266665978821,30,HK,30,1,1
20190408,180,4,-9.0,-10.3658142838693,20,HK,20,1,1
20190414,1821,4,-9.0,-8.0,10,HK,10,1,0
20190415,181,4,-9.0,1.6566265060241,10,HK,10,1,0
20190416,180,4,-9.0,-15.9090909090909,10,HK,10,1,0
20190417,1821,4,-9.0,-5.320813771518,2,HK,2,1,0
20190418,180,4,-9.0,-9.32944606413994,10,HK,10,1,0
20190420,181,4,-9.0,-3.13253012048193,3,HK,3,1,0
20190423,180,4,-9.0,-8.65384615384611,4,HK,4,1,0
20190424,185,4,-8.0,-0.53313023610054,1,HK,1,1,0
20190425,180,4,-9.0,-4.77326968973747,3,HK,3,1,0
20190426,180,4,-9.0,-6.75105485232068,8,HK,8,1,0
20190429,181,4,-9.0,-2.82608695652174,4,HK,4,1,0
20190430,180,4,-9.0,-7.14285714285714,5,HK,5,1,0
20190501,180,4,-9.0,-6.06060606060607,10,HK,10,1,0
20190502,180,4,-9.0,-8.125,10,HK,10,1,0
20190503,1821,4,-9.0,-9.9750623441397,6,HK,6,1,0
20190504,180,4,-9.0,-6.08365019011407,8,HK,8,1,0
20190507,1822,4,-9.0,-6.19946091644205,3,HK,3,1,0
20190511,182,4,-9.5,-11.4754098360656,10,HK,10,1,0
20190513,180,4,-9.0,-6.26865671641791,10,HK,10,1,0
20190514,1821,4,-9.0,-7.63636363636363,10,HK,10,1,0
20190515,181,4,-9.0,-6.10778443113772,2,HK,2,1,0
20190516,181,4,-9.0,-6.22710622710623,2,HK,2,1,0
20190517,186,4,-10.0,-12.3456790123457,10,HK,10,1,0
20190520,181,4,-9.0,4.93273542600897,10,HK,10,1,0
20190521,183,4,-10.0,-14.0142517814727,10,HK,10,1,0
20190524,180,4,-9.0,2.84414106939704,10,HK,10,1,0
20190527,180,4,-9.0,-6.06508875739645,5,HK,5,1,0
20190528,182,4,-9.5,-1.39240506329114,5,HK,5,1,0
20190529,182,4,-9.5,-1.39240506329114,5,HK,5,1,0
20190530,183,4,-10.0,-1.43112701252236,8,HK,8,1,0
20190602,180,4,-9.0,-8.35654596100274,5,HK,5,1,0
20190604,182,4,-9.5,-10.873786407767,7,HK,7,1,0
20190605,1822,4,-9.0,-11.6402116402116,2,HK,2,1,0
20190607,181,4,-9.0,-6.32582322357019,1,HK,1,1,0
20190609,181,4,-9.0,-8.57142857142854,2,HK,2,1,0
20190610,181,4,-9.0,-4.31893687707641,5,HK,5,1,0
20190611,1822,4,-9.0,-4.31547619047619,2,HK,2,1,0
20190612,181,4,-9.0,-2.57879656160458,8,HK,8,1,0
20190613,182,4,-9.5,-8.25688073394495,5,HK,5,1,0
20190614,182,4,-9.5,-6.31067961165049,8,HK,8,1,0
20190615,182,4,-9.5,-4.83619344773791,10,HK,10,1,0
20190616,1822,4,-9.0,-5.5205047318612,8,HK,8,1,0
20190617,182,4,-9.5,-12.0658135283364,5,HK,5,1,0
20190618,181,4,-9.0,-5.4093567251462,8,HK,8,1,0
20190620,181,4,-9.0,-6.57327586206896,10,HK,10,1,0
20190621,1821,4,-9.0,-3.41796875,5,HK,5,1,0
20190622,1822,4,-9.0,-10.0386100386101,2,HK,2,1,0
20190625,181,4,-9.0,-2.57352941176471,5,HK,5,1,0
20190626,1822,4,-9.0,-6.06694560669456,2,HK,2,1,0
20190629,181,4,-9.0,-6.73076923076923,6,HK,6,1,0
20190701,1821,4,-9.0,-9.25925925925926,6,HK,6,1,0
20190702,182,4,-9.5,-5.63380281690141,10,HK,10,1,0
20190703,1822,4,-9.0,-5.36635706914345,2,HK,2,1,0
20190704,180,4,-9.0,-7.4251497005988,10,HK,10,1,0
20190705,181,4,-9.0,-5.58510638297872,2,HK,2,1,0
20190706,181,4,-9.0,-4.78036175710594,5,HK,5,1,0
20190707,180,4,-9.0,-4.24107142857143,10,HK,10,1,0
20190708,1821,4,-9.0,-1.03734439834024,10,HK,20,1,1
20190709,180,4,-9.0,-1.66463662200569,4,HK,4,1,0
20190710,180,4,-9.0,-12.1311475409836,10,HK,10,1,0
20190711,180,4,-9.0,-1.72250770811922,15,HK,15,1,1
20190712,180,4,-9.0,-7.41839762611276,10,HK,10,1,0
20190713,180,4,-9.0,-7.69230769230769,10,HK,10,1,0
20190714,181,4,-9.0,-1.55902004454343,10,HK,10,1,0
20190715,182,4,-9.5,-11.3614267994234,4,HK,4,1,0
20190716,181,4,-9.0,-2.13284582571603,1,HK,1,1,0
20190717,181,4,-9.0,-3.62537764350453,4,HK,4,1,0
20190718,182,4,-9.5,-8.2437275985663,10,HK,10,1,0
20190719,180,4,-9.0,-9.84848484848488,10,HK,10,1,0
20190720,182,4,-9.5,-6.36704119850188,1,HK,1,1,0
20190721,1822,4,-9.0,-8.17610062893081,10,HK,10,1,0
20190722,182,4,-9.5,-11.404958677686,10,HK,10,1,0
20190723,180,4,-9.0,-5.9190031152648,10,HK,20,1,1
20190724,182,4,-9.5,-5.29500756429652,5,HK,5,1,0
20190725,180,4,-9.0,-8.09248554913295,1,HK,1,1,0
20190726,182,4,-9.5,-5.13833992094862,10,HK,10,1,0
20190727,1821,4,-9.0,-7.91693705386113,1,HK,1,1,0
20190728,182,4,-9.5,-8.72727272727272,10,HK,10,1,0
20190729,180,4,-9.0,-1.47058823529412,2,HK,2,1,0
20190730,181,4,-9.0,-12.6016260162602,10,HK,10,1,0
20190731,180,4,-9.0,-11.0749185667753,5,HK,5,1,0
20190801,180,4,-9.0,-2.77777777777778,2,HK,2,1,0
20190802,180,4,-9.0,-8.77697841726617,4,HK,4,1,0
20190803,180,4,-9.0,-7.78251599147125,2,HK,2,1,0
20190804,182,4,-9.5,-2.88624787775892,5,HK,5,1,0
20190805,182,4,-9.5,-10.6029106029106,10,HK,10,1,0
20190806,183,4,-10.0,-9.36106983655275,5,HK,5,1,0
20190807,180,4,-9.0,-1.29870129870129,10,HK,10,1,0
20190808,1822,4,-9.0,-3.01418439716312,1,HK,1,1,0
20190809,180,4,-9.0,-5.02092050209205,10,HK,10,1,0
20190810,180,4,-9.0,-7.31707317073171,10,HK,10,1,0
20190811,182,4,-9.5,-6.66666666666667,10,HK,10,1,0
20190812,183,4,-10.0,-9.99999999999998,4,HK,4,1,0
20190813,182,4,-9.5,-8.36820083682006,10,HK,10,1,0
20190814,181,4,-9.0,-10.8991825613079,5,HK,5,1,0
20190815,181,4,-9.0,-5.99270453361126,2,HK,2,1,0
20190816,181,4,-9.0,-5.09110396570204,10,HK,10,1,0
20190817,182,4,-9.5,-8.83534136546184,10,HK,10,1,0
20190818,1831,4,-10.0,-8.86075949367091,1,HK,1,1,0
20190819,181,4,-9.0,-4.49826989619377,5,HK,5,1,0
20190820,181,4,-9.0,-7.53768844221105,3,HK,3,1,0
20190821,1822,4,-9.0,-9.62406015037596,10,HK,10,1,0
20190822,181,4,-9.0,-3.37552742616034,10,HK,10,1,0
20190823,182,4,-9.5,-8.70406189555126,2,HK,2,1,0
20190824,182,4,-9.5,-7.10382513661202,10,HK,10,1,0
20190825,182,4,-9.5,-7.26495726495726,10,HK,10,1,0
20190826,183,4,-10.0,-9.5990279465371,4,HK,4,1,0
20190827,182,4,-9.5,-5.35624052551793,10,HK,10,1,0
20190828,183,4,-10.0,-7.56948551153164,10,HK,10,1,0
20190829,183,4,-10.0,-7.99052308418678,40,HK,40,1,1
20190830,1823,4,-10.0,-6.88259109311741,10,HK,10,1,0
20190831,183,4,-10.0,-12.8787878787879,10,HK,10,1,0
20190901,183,4,-10.0,-7.6923076923077,15,HK,15,1,1
20190902,1822,4,-9.0,-6.45161290322581,2,HK,2,1,0
20190903,182,4,-9.5,-9.5052083333333,5,HK,5,1,0
20190904,1822,4,-9.0,-4.29835651074589,5,HK,5,1,0
20190905,181,4,-9.0,-4.33526011560693,1,HK,1,1,0
20190906,1822,4,-9.0,-5.03048780487805,1,HK,1,1,0
20190907,182,4,-9.5,-4.86358244365362,5,HK,5,1,0
20190908,182,4,-9.5,-12.4137931034483,10,HK,10,1,0
20190909,182,4,-9.5,-9.03490759753595,10,HK,10,1,0
20190910,182,4,-9.5,-9.41883767535066,6,HK,6,1,0
20190911,180,4,-9.0,-3.47349177330895,10,HK,10,1,0
20190912,182,4,-9.5,-3.88802488335926,8,HK,8,1,0
20190913,181,4,-9.0,-7.27848101265823,5,HK,5,1,0
20190914,180,4,-9.0,-7.55494505494507,2,HK,2,1,0
20190915,183,4,-10.0,-6.13425925925926,10,HK,10,1,0
20190916,1822,4,-9.0,-7.42574257425743,5,HK,5,1,0
20190917,183,4,-10.0,-6.74157303370786,5,HK,5,1,0
20190918,1822,4,-9.0,-1.75438596491228,10,HK,10,1,0
20190919,1822,4,-9.0,-10.6557377049181,5,HK,5,1,0
20190920,1822,4,-9.0,-13.8755980861244,10,HK,10,1,0
20190921,1822,4,-9.0,-8.7443946188341,5,HK,5,1,0
20190922,183,4,-10.0,-7.49219562955255,10,HK,10,1,0
20190923,182,4,-9.5,-5.32319391634981,10,HK,10,1,0
20190924,183,4,-10.0,-14.6739130434783,10,HK,10,1,0
20190925,180,4,-9.0,-4.78723404255319,10,HK,10,1,0
20190926,181,4,-9.0,-0.7843137254902,10,HK,10,1,0
20190928,183,4,-10.0,-3.71819960861056,10,HK,10,1,0
20190929,182,4,-9.5,-8.33333333333333,10,HK,10,1,0
20190930,181,4,-9.0,-8.41121495327105,10,HK,10,1,0
20191001,183,4,-10.0,-5.70652173913044,2,HK,2,1,0
20191002,182,4,-9.5,-8.09628008752736,10,HK,10,1,0
20191003,182,4,-9.5,-10.0709219858156,3,HK,3,1,0
20191004,183,4,-10.0,-10.9452736318408,10,HK,10,1,0
20191005,183,4,-10.0,-6.88524590163934,10,HK,10,1,0
20191006,183,4,-10.0,-12.0418848167539,6,HK,6,1,0
20191007,1822,4,-9.0,-4.70053070507961,10,HK,20,1,1
20191008,1822,4,-9.0,-4.70053070507961,10,HK,20,1,1
20191009,180,4,-9.0,2.56898192197907,1,HK,1,1,0
20191010,182,4,-9.5,-10.2941176470589,10,HK,10,1,0
20191011,1821,4,-9.0,-9.30232558139538,10,HK,20,1,1
20191012,1821,4,-9.0,-10.064935064935,2,HK,2,1,0
20191013,183,4,-10.0,-8.69565217391302,10,HK,10,1,0
20191014,183,4,-10.0,-11.685393258427,10,HK,10,1,0
20191015,183,4,-10.0,-13.3838383838383,8,HK,8,1,0
20191016,1821,4,-9.0,-8.26086956521744,10,HK,10,1,0
20191017,1821,4,-9.0,-9.53947368421049,10,HK,10,1,0
20191018,1821,4,-9.0,-8.87096774193547,10,HK,20,1,1
20191020,183,4,-10.0,-10.7142857142857,10,HK,10,1,0
20191021,183,4,-10.0,-11.2794612794613,4,HK,4,1,0
20191022,183,4,-10.0,-11.6141732283464,10,HK,10,1,0
20191023,180,4,-9.0,3.0952380952381,2,HK,2,1,0
20191024,180,4,-9.0,-8.90410958904106,8,HK,8,1,0
20191025,186,4,-10.0,-4.18326693227092,10,HK,10,1,0
20191026,182,4,-9.5,-5.01672240802676,10,HK,10,1,0
20191027,1821,4,-9.0,-5.12820512820513,10,HK,10,1,0
20191028,183,4,-10.0,-8.16326530612245,5,HK,5,1,0
20191029,182,4,-9.5,-7.40740740740741,10,HK,10,1,0
20191030,180,4,-9.0,-10.7142857142857,10,HK,10,1,0
20191031,181,4,-9.0,-4.88721804511278,1,HK,1,1,0
20191101,186,4,-10.0,-5.22648083623693,5,HK,5,1,0
20191102,183,4,-10.0,-6.61016949152542,2,HK,2,1,0
20191103,183,4,-10.0,-7.62081784386617,2,HK,2,1,0
20191104,182,4,-9.5,-7.71704180064309,10,HK,10,1,0
20191105,182,4,-9.5,-5.71428571428571,8,HK,8,1,0
20191106,182,4,-9.5,-11.5853658536585,10,HK,10,1,0
20191107,182,4,-9.5,-7.44920993227991,10,HK,10,1,0
20191108,182,4,-9.5,-7.44920993227991,10,HK,10,1,0
20191109,1821,4,-9.0,-10.3529984941093,20,HK,20,1,1
20191110,1822,4,-9.0,-10.2564102564102,5,HK,5,1,0
20191111,182,4,-9.5,-13.8888888888889,5,HK,5,1,0
20191112,183,4,-10.0,-9.0909090909091,4,HK,4,1,0
20191113,182,4,-9.5,-8.21428571428572,2,HK,2,1,0
20191114,181,4,-9.0,-5.52486187845304,10,HK,10,1,0
20191115,182,4,-9.5,-5.84192439862543,5,HK,5,1,0
20191116,182,4,-9.5,-7.64705882352941,10,HK,10,1,0
20191117,183,4,-10.0,-3.07941653160454,8,HK,8,1,0
20191118,183,4,-10.0,-11.6736990154712,5,HK,5,1,0
20191119,1821,4,-9.0,-5.60190703218117,10,HK,10,1,0
20191120,1822,4,-9.0,-6.75422138836773,10,HK,10,1,0
20191121,1822,4,-9.0,-6.91056910569106,2,HK,2,1,0
20191122,1822,4,-9.0,-5.40540903115022,12,HK,12,1,1
20191123,1822,4,-9.0,-6.07966457023061,8,HK,8,1,0
20191124,182,4,-9.5,-8.76068376068376,5,HK,5,1,0
20191125,181,4,-9.0,-6.74486803519061,10,HK,10,1,0
20191126,182,4,-9.5,-4.76190476190476,4,HK,4,1,0
20191127,183,4,-10.0,-3.79746835443038,5,HK,5,1,0
20191128,182,4,-9.5,-5.81717451523545,5,HK,5,1,0
20191129,183,4,-10.0,-9.47364030589896,20,HK,20,1,1
20191130,180,4,-9.0,-9.39226519337018,2,HK,2,1,0
20191201,182,4,-9.5,-4.99194847020934,10,HK,10,1,0
20191202,186,4,-10.0,-4.17536534446764,10,HK,10,1,0
20191203,180,4,-9.0,-4.36681222707423,10,HK,10,1,0
20191204,180,4,-9.0,-7.57575757575757,2,HK,2,1,0
20191205,1821,4,-9.0,-5.55555555555556,10,HK,10,1,0
20191206,183,4,-10.0,-10.638125738805,50,HK,50,1,1
20191207,180,4,-9.0,1.47058823529411,10,HK,10,1,0
20191208,181,4,-9.0,-0.31152647975077,3,HK,3,1,0
20191209,183,4,-10.0,-4.40366972477064,10,HK,10,1,0
20191210,183,4,-10.0,-6.03448275862069,5,HK,5,1,0
20191211,185,4,-8.0,-6.02759622367466,5,HK,5,1,0
20191215,1821,4,-9.0,-7.06319702602231,1,HK,1,1,0
20191216,1822,4,-9.0,-6.96594427244582,10,HK,10,1,0
20191217,180,4,-9.0,-4.60652591170826,1,HK,1,1,0
20191219,1822,4,-9.0,-2.00471698113207,8,HK,8,1,0
20191220,180,4,-9.0,-5.0192900131719,3,HK,3,1,0
20191221,180,4,-9.0,-4.87343269458244,1,HK,1,1,0
20191222,180,4,-9.0,-6.85714285714285,10,HK,10,1,0
20191223,182,4,-9.5,-4.34782608695652,2,HK,2,1,0
20191224,1822,4,-9.0,-5.58823529411765,10,HK,10,1,0
20191225,183,4,-10.0,-7.82608695652174,5,HK,5,1,0
20191226,1822,4,-9.0,-9.01639344262295,10,HK,10,1,0
20191227,182,4,-9.5,-10.7594936708861,10,HK,10,1,0
20191228,183,4,-10.0,-6.15779345734445,5,HK,5,1,0
20191229,183,4,-10.0,-6.84647302904564,6,HK,6,1,0
20191230,182,4,-9.5,-7.84753363228699,5,HK,5,1,0
20191231,186,4,-10.0,-2.31958762886598,2,HK,2,1,0
20200105,183,4,-10.0,-7.97546012269939,2,HK,2,1,0
20200106,180,4,-9.0,-3.94736842105263,10,HK,10,1,0
20200107,180,4,-9.0,-8.95522388059696,10,HK,10,1,0
20200109,180,4,-9.0,-6.66666666666666,10,HK,20,1,1
20200110,180,4,-9.0,-2.65486725663717,5,HK,5,1,0
20200111,180,4,-9.0,-11.9521912350597,10,HK,10,1,0
20200112,180,4,-9.0,-3.50877192982456,3,HK,3,1,0
20200113,180,4,-9.0,-5.26315789473684,1,HK,1,1,0
20200114,186,4,-10.0,-12.0689655172414,3,HK,3,1,0
20200115,180,4,-9.0,1.47058823529411,10,HK,10,1,0
20200116,183,4,-10.0,-14.1843971631206,5,HK,5,1,0
20200117,180,4,-9.0,-0.71556350626119,8,HK,8,1,0
20200118,1821,4,-9.0,-8.64197530864202,10,HK,10,1,0
20200119,1822,4,-9.0,-9.46745562130176,2,HK,2,1,0
20200120,182,4,-9.5,-9.61538461538464,10,HK,10,1,0
20200121,180,4,-9.0,-8.23244552058111,5,HK,5,1,0
20200122,186,4,-10.0,-0.74626865671642,10,HK,10,1,0
20200123,186,4,-10.0,-0.25706940874036,5,HK,5,1,0
20200124,182,4,-9.5,0.0,6,HK,6,1,0
20200125,180,4,-9.0,-4.52127659574468,10,HK,20,1,1
20200126,183,4,-10.0,-6.99088145896656,2,HK,2,1,0
20200127,183,4,-10.0,-1.85185185185185,8,HK,8,1,0
20200128,183,4,-10.0,-7.20338983050848,10,HK,10,1,0
20200129,183,4,-10.0,-8.41121495327103,5,HK,5,1,0
20200130,180,4,-9.0,-7.05289672544081,2,HK,2,1,0
20200205,182,4,-9.5,-5.04201680672269,10,HK,10,1,0
20200206,1822,4,-9.0,-6.51595744680851,10,HK,10,1,0
20200209,181,4,-9.0,-5.51111111111111,10,HK,10,1,0
20200210,180,4,-9.0,-11.9402985074627,10,HK,10,1,0
20200215,1822,4,-9.0,-0.1923076923077,2,HK,2,1,0
20200217,181,4,-9.0,-3.58422939068101,10,HK,20,1,1
20200218,181,4,-9.0,-3.50109409190372,10,HK,10,1,0
20200220,182,4,-9.5,-6.75105485232068,2,HK,2,1,0
20200224,180,4,-9.0,-2.63819095477387,10,HK,10,1,0
20200225,181,4,-9.0,-4.80769230769231,4,HK,4,1,0
20200226,182,4,-9.5,-0.94007050528789,2,HK,2,1,0
20200228,183,4,-10.0,-9.73236009732362,5,HK,5,1,0
20200301,183,4,-10.0,-9.15032679738562,5,HK,5,1,0
20200302,181,4,-9.0,-7.40740740740741,6,HK,6,1,0
20200303,181,4,-9.0,-7.38255033557047,2,HK,2,1,0
20200311,180,4,-9.0,-8.54700854700855,10,HK,10,1,0
20200312,1821,4,-9.0,-9.7560975609756,5,HK,5,1,0
20200313,186,4,-10.0,0.63091482649842,1,HK,1,1,0
20200316,180,4,-9.0,-5.48780487804878,10,HK,10,1,0
20200318,180,4,-9.0,-12.7490039840637,2,HK,2,1,0
20200322,180,4,-9.0,-11.1111111111111,3,HK,3,1,0
20200323,186,4,-10.0,0.0,10,HK,10,1,0
20200327,182,4,-9.5,-7.96019900497513,6,HK,6,1,0
20200403,1822,4,-9.0,-2.05761316872428,2,HK,2,1,0
20200406,180,4,-9.0,-10.266665978821,30,HK,30,1,1
20200407,180,4,-9.0,-2.29601518026565,22,HK,22,1,1
20200408,180,4,-9.0,-2.58064516129032,10,HK,10,1,0
20200410,180,4,-9.0,-2.58064516129032,10,HK,10,1,0
20200414,180,4,-9.0,-1.81818181818182,8,HK,8,1,0
20200415,180,4,-9.0,-1.13960113960114,16,HK,16,1,1
20200416,180,4,-9.0,-2.6706231454006,8,HK,8,1,0
20200417,180,4,-9.0,-11.7647058823529,10,HK,10,1,0
20200418,182,4,-9.5,-6.52818991097923,10,HK,10,1,0
20200419,1821,4,-9.0,-5.21415270018622,10,HK,10,1,0
20200420,183,4,-10.0,-4.52261306532663,3,HK,3,1,0
20200421,182,4,-9.5,-7.25806451612898,6,HK,6,1,0
20200422,182,4,-9.5,-6.49606299212599,10,HK,10,1,0
20200423,180,4,-9.0,-8.55018587360599,10,HK,10,1,0
20200426,180,4,-9.0,-3.91459074733096,5,HK,5,1,0
20200506,183,4,-10.0,-6.37982195845701,10,HK,10,1,0
20200508,182,4,-9.5,-6.8259385665529,10,HK,10,1,0
20200511,181,4,-9.0,-8.22784810126583,5,HK,5,1,0
20200512,180,4,-9.0,-5.61643835616439,5,HK,5,1,0
20200513,1821,4,-9.0,-14.6666666666667,10,HK,10,1,0
20200514,1821,4,-9.0,-4.02802101576182,5,HK,5,1,0
20200515,182,4,-9.5,-7.86516853932584,10,HK,10,1,0
20200516,182,4,-9.5,-6.75675675675676,10,HK,10,1,0
20200517,1821,4,-9.0,-1.08864696734059,10,HK,10,1,0
20200518,183,4,-10.0,-2.53968253968254,10,HK,10,1,0
20200521,180,4,-9.0,-8.92351274787538,6,HK,6,1,0
20200522,180,4,-9.0,-4.94117647058824,10,HK,10,1,0
20200523,180,4,-9.0,-5.41473048327138,4,HK,4,1,0
20200524,182,4,-9.5,-12.3953098827471,7,HK,7,1,0
20200525,185,4,-8.0,-4.91803278688525,2,HK,2,1,0
20200526,180,4,-9.0,-3.88349514563106,10,HK,10,1,0
20200527,1822,4,-9.0,-7.71276595744681,10,HK,10,1,0
20200528,180,4,-9.0,-4.83460559796437,10,HK,10,1,0
20200529,182,4,-9.5,-8.26086956521739,5,HK,5,1,0
20200530,180,4,-9.0,-2.28013029315961,8,HK,8,1,0
20200531,180,4,-9.0,-7.31428571428567,6,HK,6,1,0
20200601,1822,4,-9.0,-5.8252427184466,4,HK,4,1,0
20200602,180,4,-9.0,-7.99999999999997,6,HK,6,1,0
20200606,180,4,-9.0,-6.00706713780918,5,HK,5,1,0
20200607,180,4,-9.0,-3.79537953795379,3,HK,3,1,0
20200608,180,4,-9.0,-4.21052631578947,10,HK,10,1,0
20200609,180,4,-9.0,-3.62573099415205,3,HK,3,1,0
20200610,181,4,-9.0,-3.75,2,HK,2,1,0
20200612,186,4,-10.0,-5.29411764705882,10,HK,10,1,0
20200613,180,4,-9.0,-9.16666666666663,4,HK,4,1,0
20200614,180,4,-9.0,-3.79061371841156,10,HK,10,1,0
20200615,181,4,-9.0,-6.79611650485437,8,HK,8,1,0
20200616,1822,4,-9.0,-2.5844930417495,10,HK,10,1,0
20200618,180,4,-9.0,-8.13953488372093,10,HK,10,1,0
20200619,180,4,-9.0,-10.204081632653,10,HK,10,1,0
20200620,180,4,-9.0,-1.01522842639593,10,HK,10,1,0
20200621,181,4,-9.0,-8.35694050991502,5,HK,5,1,0
20200622,180,4,-9.0,-9.44625407166119,10,HK,10,1,0
20200623,181,4,-9.0,-0.76628352490422,2,HK,2,1,0
20200624,180,4,-9.0,-9.51086956521739,10,HK,10,1,0
20200625,186,4,-10.0,-4.0948275862069,10,HK,10,1,0
20200626,180,4,-9.0,-4.13669064748202,2,HK,2,1,0
20200627,180,4,-9.0,-2.19922380336352,10,HK,10,1,0
20200629,180,4,-9.0,-1.66666666666667,6,HK,6,1,0
20200630,1822,4,-9.0,-6.73162618464821,10,HK,10,1,0
20200701,1822,4,-9.0,-5.13478818998716,1,HK,1,1,0
20200702,182,4,-9.5,-5.01792114695341,2,HK,2,1,0
20200703,182,4,-9.5,-6.61157024793389,2,HK,2,1,0
20200705,180,4,-9.0,-3.31191300049431,2,HK,2,1,0
20200706,1822,4,-9.0,-4.55486542443065,5,HK,5,1,0
20200707,1822,4,-9.0,-4.82315112540193,10,HK,10,1,0
20200708,186,4,-10.0,-3.17258883248731,10,HK,10,1,0
20200711,180,4,-9.0,-3.07692307692308,2,HK,2,1,0
20200712,180,4,-9.0,-7.02702702702703,10,HK,10,1,0
20200715,180,4,-9.0,-4.6218487394958,5,HK,5,1,0
20200716,180,4,-9.0,-4.00363967242948,2,HK,2,1,0
20200720,1821,4,-9.0,-13.7254901960784,10,HK,10,1,0
20200721,180,4,-9.0,-10.0401606425703,20,HK,20,1,1
20200726,1822,4,-9.0,-4.70809792843691,10,HK,10,1,0
20200729,181,4,-9.0,-2.30769230769231,3,HK,3,1,0
20200730,1822,4,-9.0,-5.34351145038168,10,HK,10,1,0
20200731,186,4,-10.0,-4.76190476190476,10,HK,10,1,0
20200801,1822,4,-9.0,-9.04392764857885,1,HK,1,1,0
20200802,180,4,-9.0,-6.42927794263106,2,HK,2,1,0
20200804,186,4,-10.0,-6.36942675159236,1,HK,1,1,0
20200805,1822,4,-9.0,-6.38766519823788,1,HK,1,1,0
20200808,180,4,-9.0,-6.86695278969957,10,HK,20,1,1
20200810,186,4,-10.0,-5.67465321563682,5,HK,5,1,0
20200811,186,4,-10.0,-0.69284064665127,2,HK,2,1,0
20200812,186,4,-10.0,-3.70942812982999,2,HK,2,1,0
20200813,180,4,-9.0,-2.84810126582279,10,HK,10,1,0
20200816,1822,4,-9.0,-5.84225900681597,1,HK,1,1,0
20200819,180,4,-9.0,-1.69014084507043,10,HK,10,1,0
20200822,181,4,-9.0,-11.8918918918919,10,HK,10,1,0
20200824,180,4,-9.0,-2.26854690374004,6,HK,6,1,0
20200825,180,4,-9.0,-9.1743119266055,10,HK,10,1,0
20200826,182,4,-9.5,-11.284046692607,10,HK,10,1,0
20200827,180,4,-9.0,-9.75609756097561,10,HK,10,1,0
20200829,180,4,-9.0,-4.98533724340176,10,HK,10,1,0
20200904,182,4,-9.5,4.06976744186046,4,HK,4,1,0
20200906,180,4,-9.0,-5.1413881748072,10,HK,10,1,0
20200907,180,4,-9.0,-10.1398601398602,10,HK,10,1,0
20200909,180,4,-9.0,-3.67647058823529,4,HK,4,1,0
20200910,186,4,-10.0,-7.1320182094082,1,HK,1,1,0
20200911,182,4,-9.5,-1.82926829268293,3,HK,3,1,0
20200913,181,4,-9.0,-2.77136258660508,10,HK,10,1,0
20200914,1822,4,-9.0,-7.0063694267516,8,HK,8,1,0
20200916,1821,4,-9.0,-3.6734693877551,2,HK,2,1,0
20200918,180,4,-9.0,-1.72117039586919,4,HK,4,1,0
20200919,186,4,-10.0,-5.97609561752988,2,HK,2,1,0
20200922,181,4,-9.0,-4.86918604651163,2,HK,2,1,0
20200923,180,4,-9.0,0.31545741324921,4,HK,4,1,0
20200927,181,4,-9.0,-4.83135824977211,6,HK,6,1,0
20200929,1822,4,-9.0,-8.92857142857143,10,HK,10,1,0
20200930,180,4,-9.0,0.32733224222586,4,HK,4,1,0
20201001,1822,4,-9.0,-5.88235294117647,2,HK,2,1,0
20201002,180,4,-9.0,-5.53745928338758,10,HK,10,1,0
20201003,180,4,-9.0,1.65837479270315,8,HK,8,1,0
20201005,1822,4,-9.0,-7.04225352112677,6,HK,6,1,0
20201007,1822,4,-9.0,-7.84313725490196,6,HK,6,1,0
20201010,181,4,-9.0,-3.52380952380952,2,HK,2,1,0
20201013,180,4,-9.0,-2.51716247139588,4,HK,4,1,0
20201014,180,4,-9.0,-2.79503105590062,10,HK,10,1,0
20201015,186,4,-10.0,-5.51724137931034,10,HK,10,1,0
20201017,180,4,-9.0,-7.7319587628866,5,HK,5,1,0
20201021,180,4,-9.0,-4.90196078431373,2,HK,2,1,0
20201022,180,4,-9.0,-9.16666666666668,8,HK,8,1,0
20201026,181,4,-9.0,-4.36681222707424,2,HK,2,1,0
20201027,181,4,-9.0,-4.01459854014599,1,HK,1,1,0
20201028,186,4,-10.0,3.04182509505703,4,HK,4,1,0
20201031,186,4,-10.0,2.61363636363636,2,HK,2,1,0
20201103,180,4,-9.0,-10.3878116343491,10,HK,10,1,0
20201104,180,4,-9.0,-11.0481586402266,10,HK,10,1,0
20201111,180,4,-9.0,-4.86322188449848,6,HK,6,1,0
20201112,1822,4,-9.0,-5.41871921182266,10,HK,10,1,0
20201117,182,4,-9.5,-1.38888888888889,10,HK,10,1,0
20201119,182,4,-9.5,-2.56410256410257,10,HK,10,1,0
20201120,186,4,-10.0,-2.4745269286754,8,HK,8,1,0
20201124,180,4,-9.0,-6.93069306930693,10,HK,10,1,0
20201125,1822,4,-9.0,-6.4878892733564,10,HK,10,1,0
20201126,180,4,-9.0,-8.3969465648855,2,HK,2,1,0
20201127,180,4,-9.0,-7.08661417322835,10,HK,10,1,0
20201201,182,4,-9.5,-3.96570203644159,2,HK,2,1,0
20201203,181,4,-9.0,-11.8918918918919,6,HK,6,1,0
20201204,186,4,-10.0,-12.0,10,HK,10,1,0
20201207,180,4,-9.0,-5.91966173361523,2,HK,2,1,0
20201208,181,4,-9.0,-2.04081632653062,2,HK,2,1,0
20201209,186,4,-10.0,0.76335877862595,2,HK,2,1,0
20201210,180,4,-9.0,-6.47359454855196,1,HK,1,1,0
20201213,181,4,-9.0,-5.23076923076923,2,HK,2,1,0
20201216,180,4,-9.0,-9.478672985782,10,HK,10,1,0
20201218,180,4,-9.0,-20.0,10,HK,10,1,0
20201219,180,4,-9.0,-5.10585305105853,10,HK,20,1,1
20201221,1822,4,-9.0,-10.9109109109109,10,HK,10,1,0
20201223,181,4,-9.0,-6.31641086186541,1,HK,1,1,0
20201225,181,4,-9.0,-6.20915032679738,3,HK,3,1,0
20201230,181,4,-9.0,-7.69230769230769,2,HK,2,1,0
20201231,186,4,-10.0,0.87463556851312,5,HK,5,1,0
20210101,180,4,-9.0,4.32276657060519,10,HK,10,1,0
20210106,186,4,-10.0,-7.28155339805825,3,HK,3,1,0
20210107,1821,4,-9.0,-16.2162162162162,10,HK,10,1,0
20210108,1821,4,-9.0,-8.97155361050331,10,HK,10,1,0
20210109,180,4,-9.0,-2.32936078006501,10,HK,10,1,0
20210111,1821,4,-9.0,-4.94623655913979,6,HK,6,1,0
20210112,1821,4,-9.0,-3.85756676557864,6,HK,6,1,0
20210114,181,4,-9.0,-7.59668508287292,2,HK,2,1,0
20210119,182,4,-9.5,1.14285714285714,4,HK,4,1,0
20210120,180,4,-9.0,0.311041990668739,10,HK,10,1,0
20210122,186,4,-10.0,0.0,10,HK,10,1,0
20210124,182,4,-9.5,-2.43161094224924,4,HK,4,1,0
20210125,182,4,-9.5,-2.43161094224924,2,HK,2,1,0
20210127,180,4,-9.0,-10.8108108108108,10,HK,10,1,0
20210128,180,4,-9.0,-8.19165378670789,10,HK,10,1,0
20210202,180,4,-9.0,-2.10772833723653,8,HK,8,1,0
20210204,1822,4,-9.0,-3.55987055016181,6,HK,6,1,0
20210205,1822,4,-9.0,-3.93162393162393,2,HK,2,1,0
20210208,180,4,-9.0,-0.82730093071354,1,HK,1,1,0
20210213,181,4,-9.0,-3.06788511749347,1,HK,1,1,0
20210217,186,4,-10.0,-2.088772845953,9,HK,9,1,0
20210221,180,4,-9.0,-8.56573705179285,10,HK,10,1,0
20210222,180,4,-9.0,-3.49650349650349,8,HK,8,1,0
20210223,180,4,-9.0,-16.6666666666667,10,HK,10,1,0
20210227,182,4,-9.5,-9.75609756097561,10,HK,10,1,0
20210228,180,4,-9.0,-3.7948717948718,10,HK,10,1,0
20210301,180,4,-9.0,-7.0,10,HK,10,1,0
20210303,180,4,-9.0,-4.73186119873814,20,HK,20,1,1
20210304,181,4,-9.0,-5.97014925373134,5,HK,5,1,0
20210305,186,4,-10.0,-0.62240663900415,4,HK,4,1,0
20210308,1822,4,-9.0,-2.01037613488975,6,HK,6,1,0
20210310,1822,4,-9.0,-4.79041916167665,8,HK,8,1,0
20210311,181,4,-9.0,-6.12244897959184,6,HK,6,1,0
20210312,180,4,-9.0,-3.36633663366337,5,HK,5,1,0
20210313,1821,4,-9.0,-3.78006872852233,8,HK,8,1,0
20210314,1821,4,-9.0,-3.44827586206896,8,HK,8,1,0
20210316,180,4,-9.0,-6.36363636363637,10,HK,10,1,0
20210317,180,4,-9.0,-2.67857142857143,5,HK,5,1,0
20210318,180,4,-9.0,-12.5,10,HK,10,1,0
20210319,180,4,-9.0,-8.77659574468085,10,HK,10,1,0
20210322,181,4,-9.0,-7.88804071246819,2,HK,4,1,0
20210323,180,4,-9.0,-9.4339622641509,5,HK,5,1,0
20210324,180,4,-9.0,-2.30326295585412,10,HK,20,1,1
20210325,186,4,-10.0,5.52677029360968,2,HK,2,1,0
20210326,180,4,-9.0,-15.0,10,HK,10,1,0
20210330,180,4,-9.0,-6.50210716435882,10,HK,10,1,0
20210331,182,4,-9.5,-10.9090909090909,8,HK,8,1,0
20210401,180,4,-9.0,-2.11640211640211,8,HK,8,1,0
20210402,1821,4,-9.0,-5.82601755786114,2,HK,2,1,0
20210405,180,4,-9.0,0.16920473773266,10,HK,10,1,0
20210407,180,4,-9.0,-9.24657534246571,5,HK,5,1,0
20210408,1822,4,-9.0,-0.51679586563308,6,HK,6,1,0
20210411,1822,4,-9.0,-0.91954022988505,1,HK,1,1,0
20210413,180,4,-9.0,-5.99455040871934,10,HK,10,1,0
20210416,180,4,-9.0,-7.07269155206287,3,HK,3,1,0
20210420,180,4,-9.0,-8.1140350877193,2,HK,2,1,0
20210423,180,4,-9.0,-5.02092050209205,10,HK,10,1,0
20210503,182,4,-9.5,-10.8333333333333,1,HK,1,1,0
20210504,181,4,-9.0,-1.19904076738609,5,HK,5,1,0
20210506,186,4,-10.0,-0.26455026455026,10,HK,10,1,0
20210507,180,4,-9.0,-10.5105105105105,10,HK,10,1,0
20210511,180,4,-9.0,-9.76190476190479,10,HK,10,1,0
20210512,186,4,-10.0,-3.04568527918782,2,HK,2,1,0
20210513,182,4,-9.5,-16.1290322580645,10,HK,10,1,0
20210519,180,4,-9.0,-10.9874826147427,10,HK,10,1,0
20210520,181,4,-9.0,-5.36779324055666,1,HK,1,1,0
20210521,181,4,-9.0,-5.21042084168337,1,HK,1,1,0
20210523,1822,4,-9.0,-8.66141732283464,10,HK,10,1,0
20210524,1822,4,-9.0,-7.93650793650793,10,HK,10,1,0
20210525,181,4,-9.0,-0.85470085470086,1,HK,1,1,0
20210526,180,4,-9.0,-7.87119856887298,10,HK,10,1,0
20210530,1822,4,-9.0,-8.91959798994972,2,HK,2,1,0
20210531,1822,4,-9.0,-9.45454545454542,8,HK,8,1,0
20210601,181,4,-9.0,-7.99999999999999,2,HK,2,1,0
20210604,1822,4,-9.0,-4.8,6,HK,6,1,0
20210606,181,4,-9.0,-1.46412884333821,5,HK,5,1,0
20210609,1822,4,-9.0,-2.53164556962025,2,HK,2,1,0
20210610,186,4,-10.0,-0.96153846153846,8,HK,8,1,0
20210612,180,4,-9.0,-2.0979020979021,1,HK,1,1,0
20210613,183,4,-10.0,-6.89655172413793,10,HK,10,1,0
20210614,1822,4,-9.0,-3.30188679245283,2,HK,2,1,0
20210615,1822,4,-9.0,-0.96618357487923,10,HK,10,1,0
20210617,186,4,-10.0,-4.01606425702811,7,HK,7,1,0
20210618,186,4,-10.0,-4.27807486631016,10,HK,10,1,0
20210619,186,4,-10.0,-8.82352941176471,10,HK,10,1,0
20210620,186,4,-10.0,-5.12048192771084,10,HK,10,1,0
20210621,186,4,-10.0,-7.5,8,HK,8,1,0
20210622,180,4,-9.0,-8.04878048780488,4,HK,4,1,0
20210623,1822,4,-9.0,-3.54691075514874,10,HK,10,1,0
20210624,182,4,-9.5,-7.69230769230769,2,HK,2,1,0
20210625,186,4,-10.0,-4.10628019323672,10,HK,10,1,0
20210627,180,4,-9.0,-3.90625,10,HK,10,1,0
20210628,180,4,-9.0,-3.08641975308642,10,HK,10,1,0
20210629,1821,4,-9.0,-4.78547854785478,5,HK,5,1,0
20210630,180,4,-9.0,-5.08474576271187,4,HK,4,1,0
20210701,186,4,-10.0,-3.62903225806452,10,HK,10,1,0
20210702,1822,4,-9.0,-3.38983050847458,2,HK,2,1,0
20210703,180,4,-9.0,-5.53505535055351,4,HK,4,1,0
20210704,1823,4,-10.0,-13.1386861313868,10,HK,10,1,0
20210705,183,4,-10.0,-9.39597315436242,10,HK,10,1,0
20210706,180,4,-9.0,-5.54592720970537,8,HK,8,1,0
20210707,181,4,-9.0,-10.2439024390244,2,HK,2,1,0
20210708,182,4,-9.5,-6.59133709981167,1,HK,1,1,0
20210710,183,4,-10.0,-7.50750750750751,10,HK,10,1,0
20210712,183,4,-10.0,-6.16302186878728,10,HK,10,1,0
20210714,181,4,-9.0,0.763358778625951,6,HK,6,1,0
20210719,1821,4,-9.0,-7.14285714285715,10,HK,10,1,0
20210721,182,4,-9.5,-6.63507109004739,10,HK,10,1,0
20210723,180,4,-9.0,-9.89643268124278,5,HK,5,1,0
20210724,180,4,-9.0,-2.56147540983606,8,HK,8,1,0
20210725,1821,4,-9.0,0.0,2,HK,2,1,0
20210730,1822,4,-9.0,-1.92878338278932,2,HK,2,1,0
20210805,1822,4,-9.0,-5.75221238938054,6,HK,6,1,0
20210806,180,4,-9.0,0.0,5,HK,5,1,0
20210809,180,4,-9.0,-7.41482965931864,10,HK,10,1,0
20210811,180,4,-9.0,-14.6341463414634,10,HK,10,1,0
20210816,180,4,-9.0,-12.0,10,HK,10,1,0
20210819,180,4,-9.0,-12.1951219512195,10,HK,10,1,0
20210825,180,4,-9.0,-12.3674911660778,10,HK,10,1,0
20210826,186,4,-10.0,-1.84757505773672,2,HK,2,1,0
20210902,180,4,-9.0,-7.54310344827586,10,HK,10,1,0
20210903,180,4,-9.0,-21.2121212121212,10,HK,20,1,1
20210907,181,4,-9.0,-0.26246719160105,7,HK,7,1,0
20210908,180,4,-9.0,-11.5183246073298,3,HK,3,1,0
20210910,180,4,-9.0,-18.6046511627907,10,HK,10,1,0
20210912,180,4,-9.0,-5.39523212045169,2,HK,2,1,0
20210918,180,4,-9.0,-19.5121951219512,10,HK,10,1,0
20210919,180,4,-9.0,-5.22648083623694,8,HK,8,1,0
20210922,180,4,-9.0,1.48148148148148,2,HK,2,1,0
20210927,180,4,-9.0,-6.97278911564626,10,HK,10,1,0
20210929,181,4,-9.0,4.3778801843318,2,HK,2,1,0
20210930,183,4,-10.0,-6.27062706270627,10,HK,10,1,0
20211012,180,4,-9.0,-1.49139579349904,6,HK,6,1,0
20211013,182,4,-9.5,-4.81006843966745,9,HK,9,1,0
20211020,183,4,-10.0,-8.81226053639847,5,HK,5,1,0
20211021,182,4,-9.5,-9.35960591133001,5,HK,5,1,0
20211022,180,4,-9.0,-1.10803324099723,10,HK,10,1,0
20211023,180,4,-9.0,-1.41643059490085,10,HK,10,1,0
20211031,1822,4,-9.0,1.40845070422535,10,HK,10,1,0
20211105,180,4,-9.0,-4.40613026819924,1,HK,1,1,0
20211108,186,4,-10.0,-1.0648596321394,2,HK,2,1,0
20211109,186,4,-10.0,-0.91407678244972,2,HK,2,1,0
20211111,180,4,-9.0,-8.74035989717224,10,HK,10,1,0
20211115,186,4,-10.0,-6.75675675675675,10,HK,10,1,0
20211119,180,4,-9.0,-11.6216216216216,10,HK,10,1,0
20211122,182,4,-9.5,-2.70270270270271,5,HK,5,1,0
20211128,1821,4,-9.0,-3.09973045822102,2,HK,2,1,0
20211201,180,4,-9.0,-4.83870967741936,5,HK,5,1,0
20211203,180,4,-9.0,-3.31491712707182,1,HK,1,1,0
20211211,180,4,-9.0,-9.26275992438561,10,HK,10,1,0
20211212,180,4,-9.0,-4.71698113207547,2,HK,2,1,0
20211213,1832,4,-10.0,-7.46561886051081,8,HK,8,1,0
20211214,180,4,-9.0,-1.91637630662021,5,HK,5,1,0
20211215,1822,4,-9.0,-4.13080895008606,10,HK,10,1,0
20211216,182,4,-9.5,-7.77576853526221,10,HK,10,1,0
20211218,180,4,-9.0,-7.66129032258065,10,HK,10,1,0
20211219,180,4,-9.0,0.0,6,HK,6,1,0
20211221,1822,4,-9.0,-4.3179587831207,10,HK,10,1,0
20211223,180,4,-9.0,-8.40336134453782,2,HK,2,1,0
20211227,1821,4,-9.0,-5.18867924528298,10,HK,10,1,0
20211229,180,4,-9.0,-6.08695652173913,10,HK,10,1,0
20211230,180,4,-9.0,-7.82241014799155,10,HK,20,1,1
20211231,180,4,-9.0,-2.56410256410256,10,HK,10,1,0
20220104,180,4,-9.0,-4.35643564356436,10,HK,10,1,0
20220108,1821,4,-9.0,-10.8385328039327,20,HK,20,1,1
20220111,180,4,-9.0,-4.30839002267573,8,HK,8,1,0
20220113,180,4,-9.0,-7.50750750750751,5,HK,5,1,0
20220114,1822,4,-9.0,-2.99785867237687,5,HK,5,1,0
20220115,180,4,-9.0,-7.10900473933649,6,HK,6,1,0
20220119,180,4,-9.0,-6.87022900763359,5,HK,5,1,0
20220120,180,4,-9.0,-4.37262357414449,10,HK,10,1,0
20220121,1822,4,-9.0,-2.95857988165681,10,HK,10,1,0
20220122,1822,4,-9.0,-5.55555555555556,10,HK,10,1,0
20220127,180,4,-9.0,-2.97029702970297,10,HK,10,1,0
20220131,180,4,-9.0,-6.6017316017316,7,HK,7,1,0
20220208,1831,4,-10.0,-1.83823529411765,5,HK,5,1,0
20220209,180,4,-9.0,-5.18292682926829,6,HK,6,1,0
20220215,180,4,-9.0,-3.0241935483871,5,HK,5,1,0
20220219,181,4,-9.0,-0.55248618784531,1,HK,1,1,0
20220301,180,4,-9.0,-3.23325635103926,5,HK,5,1,0
20220302,186,4,-10.0,-6.27218934911242,2,HK,2,1,0
20220307,1821,4,-9.0,-9.50920245398769,10,HK,10,1,0
20220317,1822,4,-9.0,-0.15455950540958,10,HK,10,1,0
20220321,1821,4,-9.0,-14.516129032258,10,HK,10,1,0
20220323,180,4,-9.0,-12.8205128205128,10,HK,10,1,0
20220324,180,4,-9.0,-4.77178423236514,6,HK,6,1,0
20220328,180,4,-9.0,-7.16723549488055,8,HK,8,1,0
20220329,180,4,-9.0,-7.89473684210526,10,HK,10,1,0
20220331,1821,4,-9.0,-14.8148148148148,10,HK,10,1,0
20220404,182,4,-9.5,-5.42986425339367,5,HK,5,1,0
20220412,180,4,-9.0,-7.95306388526727,8,HK,8,1,0
20220414,181,4,-9.0,-4.0,8,HK,8,1,0
20220416,183,4,-10.0,-7.48663101604278,10,HK,10,1,0
20220427,182,4,-9.5,-0.9845288326301,10,HK,15,1,1
20220428,182,4,-9.5,-5.10948905109489,10,HK,10,1,0
20220429,182,4,-9.5,-0.875273522975929,10,HK,10,1,0
20220430,182,4,-9.5,-6.11961057023644,10,HK,10,1,0
20220502,180,4,-9.0,-4.53074433656958,8,HK,8,1,0
20220506,180,4,-9.0,-4.38356164383562,4,HK,4,1,0
20220507,180,4,-9.0,-4.31266846361186,5,HK,5,1,0
20220508,180,4,-9.0,-4.73773265651438,2,HK,2,1,0
20220509,180,4,-9.0,-2.11267605633803,1,HK,1,1,0
20220510,1822,4,-9.0,-6.70731707317074,1,HK,1,1,0
20220520,181,4,-9.0,0.68649885583524,4,HK,4,1,0
20220522,181,4,-9.0,-2.82220131702728,5,HK,5,1,0
20220523,181,4,-9.0,0.0,2,HK,2,1,0
20220526,180,4,-9.0,-12.0320855614973,10,HK,10,1,0
20220528,180,4,-9.0,-9.30232558139535,10,HK,10,1,0
20220608,186,4,-10.0,1.85185185185185,2,HK,2,1,0
20220609,180,4,-9.0,-3.73134328358209,3,HK,3,1,0
20220610,180,4,-9.0,-9.69230769230774,10,HK,10,1,0
20220614,180,4,-9.0,-9.76027397260279,5,HK,5,1,0
20220621,181,4,-9.0,-3.77358490566038,4,HK,4,1,0
20220623,180,4,-9.0,-2.6079869600652,6,HK,6,1,0
20220628,182,4,-9.5,-5.5765595463138,8,HK,8,1,0
20220630,180,4,-9.0,-3.56807511737089,6,HK,6,1,0
20220701,182,4,-9.5,-4.74183350895679,10,HK,10,1,0
20220704,181,4,-9.0,-5.4726368159204,10,HK,10,1,0
20220705,181,4,-9.0,-4.97803806734993,6,HK,6,1,0
20220708,180,4,-9.0,-2.61437908496732,10,HK,10,1,0
20220716,1822,4,-9.0,-4.60526315789473,2,HK,2,1,0
20220722,186,4,-10.0,2.75526742301459,4,HK,4,1,0
20220728,181,4,-9.0,1.25348189415042,10,HK,10,1,0
20220729,182,4,-9.5,-4.21139554087531,10,HK,10,1,0
20220731,182,4,-9.5,-3.9193083573487,6,HK,6,1,0
20220801,182,4,-9.5,-3.825404610103,6,HK,6,1,0
20220802,181,4,-9.0,-10.5263157894737,7,HK,7,1,0
20220803,186,4,-10.0,-2.29885057471265,6,HK,6,1,0
20220804,186,4,-10.0,-2.29885057471265,6,HK,6,1,0
20220808,186,4,-10.0,-0.0742942050519995,2,HK,2,1,0
20220811,1822,4,-9.0,-3.10077519379845,2,HK,2,1,0
20220814,182,4,-9.5,0.77279752704791,10,HK,10,1,0
20220815,180,4,-9.0,-21.9512195121951,5,HK,5,1,0
20220818,180,4,-9.0,0.0,10,HK,10,1,0
20220819,181,4,-9.0,-8.48708487084871,8,HK,8,1,0
20220820,181,4,-9.0,-9.41176470588236,7,HK,7,1,0
20220821,186,4,-10.0,1.00200400801603,3,HK,3,1,0
20220822,181,4,-9.0,-7.78588807785888,10,HK,10,1,0
20220828,182,4,-9.5,4.36893203883495,1,HK,1,1,0
20220831,180,4,-9.0,-8.55614973262032,10,HK,10,1,0
20220905,180,4,-9.0,-16.6666666666667,10,HK,10,1,0
20220911,180,4,-9.0,-9.09090909090909,10,HK,10,1,0
20220915,186,4,-10.0,-0.99667774086379,2,HK,2,1,0
20220916,182,4,-9.5,-10.8108108108108,5,HK,5,1,0
20220930,182,4,-9.5,-3.19148936170212,10,HK,10,1,0
20221001,182,4,-9.5,0.0,1,HK,1,1,0
20221002,1821,4,-9.0,-5.66343042071198,6,HK,6,1,0
20221005,180,4,-9.0,-4.24328147100424,2,HK,2,1,0
20221011,180,4,-9.0,-5.53191489361702,8,HK,8,1,0
20221017,182,4,-9.5,-6.73512262047676,16,HK,16,1,1
20221018,182,4,-9.5,-5.14018691588785,2,HK,2,1,0
20221019,182,4,-9.5,-4.95710650672483,4,HK,4,1,0
20221020,180,4,-9.0,-7.16981132075472,2,HK,2,1,0
20221021,186,4,-10.0,4.38695163104611,2,HK,2,1,0
20221023,180,4,-9.0,-9.3189964157706,1,HK,1,1,0
20221025,180,4,-9.0,-2.04081632653062,4,HK,4,1,0
20221027,186,4,-10.0,-2.15827338129496,5,HK,5,1,0
20221028,180,4,-9.0,-6.50069156293223,4,HK,4,1,0
20221101,182,4,-9.5,-2.84360189573459,2,HK,2,1,0
20221103,180,4,-9.0,-3.49013657056145,1,HK,1,1,0
20221104,1821,4,-9.0,-15.0,10,HK,10,1,0
20221117,180,4,-9.0,-6.58914728682171,10,HK,10,1,0
20221118,180,4,-9.0,-13.2530120481928,10,HK,10,1,0
20221127,180,4,-9.0,-5.22648083623694,8,HK,8,1,0
20221129,180,4,-9.0,-7.04225352112672,10,HK,10,1,0
20221130,186,4,-10.0,0.0,2,HK,2,1,0
20221205,1822,4,-9.0,-7.03125,10,HK,10,1,0
20221206,1821,4,-9.0,-6.0,10,HK,10,1,0
20221209,180,4,-9.0,-9.7560975609756,10,HK,10,1,0
20221210,181,4,-9.0,0.43859649122807,10,HK,10,1,0
20221212,1823,4,-10.0,-6.26381724392041,4,HK,4,1,0
20221213,182,4,-9.5,-12.0359955005625,10,HK,10,1,0
20221214,180,4,-9.0,-1.85185185185185,4,HK,4,1,0
20221215,180,4,-9.0,-5.97014925373134,7,HK,7,1,0
20221216,181,4,-9.0,-2.11397058823529,10,HK,10,1,0
20221218,180,4,-9.0,-4.4776119402985,8,HK,8,1,0
20221219,181,4,-9.0,-7.63358778625954,10,HK,10,1,0
20230103,1821,4,-9.0,-2.56916996047431,10,HK,10,1,0
20230104,180,4,-9.0,-13.3333333333334,10,HK,10,1,0
20230109,1821,4,-9.0,-4.46880269814503,4,HK,4,1,0
20230125,180,4,-9.0,-9.9494097807757,6,HK,6,1,0
20230126,1821,4,-9.0,-13.6546184738956,8,HK,8,1,0
20230210,182,4,-9.5,-6.85185185185185,10,HK,10,1,0
20230212,1822,4,-9.0,0.37174721189591,5,HK,5,1,0
20230215,180,4,-9.0,-5.02092050209205,2,HK,2,1,0
20230217,181,4,-9.0,-2.32558139534884,2,HK,2,1,0
20230218,180,4,-9.0,-5.57903634826712,4,HK,4,1,0
20230219,180,4,-9.0,5.55555555555555,2,HK,2,1,0
20230221,180,4,-9.0,-14.8648648648648,10,HK,10,1,0
20230222,180,4,-9.0,-8.47457627118644,8,HK,8,1,0
20230224,182,4,-9.5,-3.74531835205992,10,HK,10,1,0
20230225,186,4,-10.0,-6.07734806629834,10,HK,10,1,0
20230226,186,4,-10.0,-1.3953488372093,10,HK,10,1,0
20230228,186,4,-10.0,-5.35714285714285,10,HK,10,1,0
20230305,1821,4,-9.0,-7.43243243243243,6,HK,6,1,0
20230306,1821,4,-9.0,-8.10810810810811,10,HK,10,1,0
20230307,1821,4,-9.0,-8.91891891891891,10,HK,10,1,0
20230310,1821,4,-9.0,-7.83783783783787,2,HK,2,1,0
20230313,180,4,-9.0,4.76190476190477,4,HK,4,1,0
20230315,1821,4,-9.0,-10.840108401084,5,HK,5,1,0
20230316,1821,4,-9.0,-5.48780487804878,20,HK,20,1,1
20230317,1821,4,-9.0,-7.66871165644171,10,HK,10,1,0
20230318,1821,4,-9.0,-11.2994350282485,10,HK,10,1,0
20230319,1821,4,-9.0,-4.30327868852459,8,HK,8,1,0
20230324,186,4,-10.0,-0.79365079365079,4,HK,4,1,0
20230326,1821,4,-9.0,-11.178247734139,10,HK,20,1,1
20230328,180,4,-9.0,-19.4444444444444,10,HK,10,1,0
20230330,180,4,-9.0,-6.0702875399361,10,HK,10,1,0
20230331,1821,4,-9.0,-5.76323987538941,8,HK,8,1,0
20230403,186,4,-10.0,-1.74563591022444,10,HK,10,1,0
20230404,1821,4,-9.0,-7.44466800804829,8,HK,8,1,0
20230408,181,4,-9.0,-7.9646017699115,4,HK,4,1,0
20230414,181,4,-9.0,-2.48287671232876,3,HK,3,1,0
20230416,1821,4,-9.0,-7.66550522648084,10,HK,10,1,0
20230417,1821,4,-9.0,-11.0294117647059,10,HK,20,1,1
20230418,1821,4,-9.0,-11.6040955631399,10,HK,10,1,0
20230419,180,4,-9.0,-8.29787234042551,5,HK,5,1,0
20230422,180,4,-9.0,-5.02450980392157,2,HK,2,1,0
20230424,180,4,-9.0,-7.6041038020519,5,HK,5,1,0
20230426,1821,4,-9.0,-4.1343669250646,10,HK,10,1,0
20230427,1821,4,-9.0,-5.99250936329588,100,HK,100,1,1
20230429,180,4,-9.0,-5.41436464088397,7,HK,7,1,0
20230501,182,4,-9.5,-1.54241645244216,4,HK,4,1,0
20230503,1821,4,-9.0,-12.7701375245579,20,HK,20,1,1
20230505,186,4,-10.0,1.81818181818182,2,HK,2,1,0
20230511,185,4,-8.0,-8.48056537102473,5,HK,5,1,0
20230516,180,4,-9.0,-23.5294117647059,10,HK,10,1,0
20230519,186,4,-10.0,1.73913043478261,10,HK,10,1,0
20230521,180,4,-9.0,-4.65686274509804,4,HK,4,1,0
20230522,181,4,-9.0,-2.67737617135207,6,HK,6,1,0
20230523,186,4,-10.0,3.6319612590799,2,HK,2,1,0
